redo_id,priority,source_bucket,path,filename,collection,pack,previous_label,previous_note,current_model_prediction,current_subtype,model_confidence,token_evidence,token_risk,token_candidates,audio_prediction,physics_summary,action_state,reason_selected,reason_flagged_for_redo,note_REQUIRED,primary_label_options,subtype_options,form_options,taxonomy_gap_option,unknown_option,label,subtype,form,taxonomy_gap,unknown,note
1,P1,bass_family,/Volumes/Jack_Gandy_1TB_SSD/Samples 2021 ->/Sample Packs/Breaks/The Drum Broker - International Breaks & Essential Kicks/The Drum Broker - International Breaks 1/JW Bass Response LP Snips.1.wav,JW Bass Response LP Snips.1.wav,Breaks,The Drum Broker - International Breaks & Essential Kicks,Not in list,,(not embedded),,,Bass|LP,high,(none),(not embedded),fundamental_hz=189.3; spectral_purity=0.3124; harmonicity=0.25; inharmonicity=0.1945; attack_ms=1360; decay_seconds=0.056; sustain_ratio=0.1073; spectral_centroid=2510; sub_energy_ratio=0.09672; onset_density=5; rhythmic_autocorr=0.4906,review,"bass token: Sub Bass has 2 labels, 'sub' measures 11% and 'bass' 0%","escape hatch fired with no note: the label records only that the option list was wrong, not what the file is",YES,Kick | Snare | Rimshot | Hi-Hat | Crash | Clap | Percussion | Tom | Shaker/Tambourine | Hand Drum | Other Percussive Hit | Foley | Impact | SFX | Riser | Atmosphere | Pad | Bass Hit | 808 | Sub Bass | Reese Bass | Synth Bass Sustained | Synth One-Shot | Vocal One-Shot | Other/none,Tom | Shaker/Tambourine | Hand Drum | Other Percussive Hit | Top Loop | Hi-Hat Loop | Percussion Loop | Drum Loop | n/a,one-shot | loop | sustained/tail | unclear,Taxonomy gap (NOTE REQUIRED),Unknown (NOTE REQUIRED),,,,,,
2,P1,foley_sfx_impact,/Volumes/Jack_Gandy_1TB_SSD/Samples 2021 ->/Sample Packs/Virtual Riot/Studio Time S2 EP2 - Drums And More Episode Files/BONUS Kitchen Foley Recordings from Old House/foley_hit_rim_click5.wav,foley_hit_rim_click5.wav,Virtual Riot,Studio Time S2 EP2 - Drums And More Episode Files,Not in list,,(not embedded),,,rim|foley|hit,high,Foley|Rimshot,(not embedded),fundamental_hz=0; spectral_purity=0.1464; harmonicity=0.3333; inharmonicity=0.1384; attack_ms=0; decay_seconds=0.04; sustain_ratio=0.003158; spectral_centroid=4023; sub_energy_ratio=3.104e-07; onset_density=5; rhythmic_autocorr=0.08585,review,"fx/foley/texture token: 'texture' measures 0%, Atmosphere has 3 labels","escape hatch fired with no note: the label records only that the option list was wrong, not what the file is",YES,Kick | Snare | Rimshot | Hi-Hat | Crash | Clap | Percussion | Tom | Shaker/Tambourine | Hand Drum | Other Percussive Hit | Foley | Impact | SFX | Riser | Atmosphere | Pad | Bass Hit | 808 | Sub Bass | Reese Bass | Synth Bass Sustained | Synth One-Shot | Vocal One-Shot | Other/none,Tom | Shaker/Tambourine | Hand Drum | Other Percussive Hit | Top Loop | Hi-Hat Loop | Percussion Loop | Drum Loop | n/a,one-shot | loop | sustained/tail | unclear,Taxonomy gap (NOTE REQUIRED),Unknown (NOTE REQUIRED),,,,,,
3,P1,foley_sfx_impact,/Volumes/Jack_Gandy_1TB_SSD/Samples 2021 ->/Sample Packs/Rosentricks - Essentials/Melodic Oneshots/RT_One_Shot_Ambient_Chiptune_C.wav,RT_One_Shot_Ambient_Chiptune_C.wav,Rosentricks - Essentials,Melodic Oneshots,Not in list,,(not embedded),,,(no recognised token),none,(none),(not embedded),fundamental_hz=530.9; spectral_purity=0.9768; harmonicity=0.3333; inharmonicity=0.08315; attack_ms=16; decay_seconds=3.096; sustain_ratio=0.06852; spectral_centroid=4138; sub_energy_ratio=1.372e-06; onset_density=7.3; rhythmic_autocorr=0.6842,review,"fx/foley/texture token: 'texture' measures 0%, Atmosphere has 3 labels","escape hatch fired with no note: the label records only that the option list was wrong, not what the file is",YES,Kick | Snare | Rimshot | Hi-Hat | Crash | Clap | Percussion | Tom | Shaker/Tambourine | Hand Drum | Other Percussive Hit | Foley | Impact | SFX | Riser | Atmosphere | Pad | Bass Hit | 808 | Sub Bass | Reese Bass | Synth Bass Sustained | Synth One-Shot | Vocal One-Shot | Other/none,Tom | Shaker/Tambourine | Hand Drum | Other Percussive Hit | Top Loop | Hi-Hat Loop | Percussion Loop | Drum Loop | n/a,one-shot | loop | sustained/tail | unclear,Taxonomy gap (NOTE REQUIRED),Unknown (NOTE REQUIRED),,,,,,
4,P1,foley_sfx_impact,/Volumes/Jack_Gandy_1TB_SSD/Samples 2021 ->/Sample Packs/Analog Percussion Vol.3 by Donit/Drumbrute Impact FM Drum - Short 100.wav,Drumbrute Impact FM Drum - Short 100.wav,Analog Percussion Vol.3 by Donit,Analog Percussion Vol.3 by Donit,Not in list,,(not embedded),,,Impact,medium,Impact,(not embedded),fundamental_hz=319.3; spectral_purity=0.8549; harmonicity=0.6667; inharmonicity=0.09683; attack_ms=16; decay_seconds=0.288; sustain_ratio=0.00621; spectral_centroid=1789; sub_energy_ratio=0.0008138; onset_density=5.714; rhythmic_autocorr=0.1241,review,"fx/foley/texture token: 'texture' measures 0%, Atmosphere has 3 labels","escape hatch fired with no note: the label records only that the option list was wrong, not what the file is",YES,Kick | Snare | Rimshot | Hi-Hat | Crash | Clap | Percussion | Tom | Shaker/Tambourine | Hand Drum | Other Percussive Hit | Foley | Impact | SFX | Riser | Atmosphere | Pad | Bass Hit | 808 | Sub Bass | Reese Bass | Synth Bass Sustained | Synth One-Shot | Vocal One-Shot | Other/none,Tom | Shaker/Tambourine | Hand Drum | Other Percussive Hit | Top Loop | Hi-Hat Loop | Percussion Loop | Drum Loop | n/a,one-shot | loop | sustained/tail | unclear,Taxonomy gap (NOTE REQUIRED),Unknown (NOTE REQUIRED),,,,,,
5,P1,rejection_boundary,/Volumes/Jack_Gandy_1TB_SSD/testing-for-NITE-DSP/sample_pack_testing/Old Movies 1 - Vintage Collection (Drum Kit)/Noise & Texture (Old Movies)/HHH_Texture 4.wav,HHH_Texture 4.wav,Old Movies 1 - Vintage Collection (Drum Kit),Noise & Texture (Old Movies),Not in list,,Foley Loop,,0.435,Texture,high,(none),Foley Loop,fundamental_hz=984.9; spectral_purity=0.09651; harmonicity=0.5; inharmonicity=0.1023; attack_ms=664; decay_seconds=0.168; sustain_ratio=0.09993; spectral_centroid=2049; sub_energy_ratio=1.096e-07; onset_density=7.2; rhythmic_autocorr=0.1811,review,junk given a confident real class -- the binding product risk,"escape hatch fired with no note: the label records only that the option list was wrong, not what the file is",YES,Kick | Snare | Rimshot | Hi-Hat | Crash | Clap | Percussion | Tom | Shaker/Tambourine | Hand Drum | Other Percussive Hit | Foley | Impact | SFX | Riser | Atmosphere | Pad | Bass Hit | 808 | Sub Bass | Reese Bass | Synth Bass Sustained | Synth One-Shot | Vocal One-Shot | Other/none,Tom | Shaker/Tambourine | Hand Drum | Other Percussive Hit | Top Loop | Hi-Hat Loop | Percussion Loop | Drum Loop | n/a,one-shot | loop | sustained/tail | unclear,Taxonomy gap (NOTE REQUIRED),Unknown (NOTE REQUIRED),,,,,,
6,P1,rejection_boundary,/Volumes/Jack_Gandy_1TB_SSD/testing-for-NITE-DSP/sample_pack_testing/Sounds of KSHMR Vol.3/KSHMR_FX_Elements/KSHMR_Glitches_and_Industrial/KSHMR_Industrial_Grime/KSHMR_Industrial_Grime_18_152_G#m.wav,KSHMR_Industrial_Grime_18_152_G#m.wav,Sounds of KSHMR Vol.3,KSHMR_FX_Elements,Not in list,,Vocal Loop,,0.179,(no recognised token),none,(none),Vocal Loop,fundamental_hz=857.4; spectral_purity=0.09976; harmonicity=0.5; inharmonicity=0.1569; attack_ms=232; decay_seconds=2.016; sustain_ratio=0.5854; spectral_centroid=3203; sub_energy_ratio=0.01287; onset_density=2.058; rhythmic_autocorr=0.2525,review,junk given a confident real class -- the binding product risk,"escape hatch fired with no note: the label records only that the option list was wrong, not what the file is",YES,Kick | Snare | Rimshot | Hi-Hat | Crash | Clap | Percussion | Tom | Shaker/Tambourine | Hand Drum | Other Percussive Hit | Foley | Impact | SFX | Riser | Atmosphere | Pad | Bass Hit | 808 | Sub Bass | Reese Bass | Synth Bass Sustained | Synth One-Shot | Vocal One-Shot | Other/none,Tom | Shaker/Tambourine | Hand Drum | Other Percussive Hit | Top Loop | Hi-Hat Loop | Percussion Loop | Drum Loop | n/a,one-shot | loop | sustained/tail | unclear,Taxonomy gap (NOTE REQUIRED),Unknown (NOTE REQUIRED),,,,,,
7,P1,rejection_boundary,/Volumes/Jack_Gandy_1TB_SSD/testing-for-NITE-DSP/sample_pack_testing/IMANU/es tu reel stems/etr_00_11 chord pitchbend experiments_3_IMANU 130 garage fukt_4.wav,etr_00_11 chord pitchbend experiments_3_IMANU 130 garage fukt_4.wav,IMANU,es tu reel stems,Not in list,,SFX,,0.169,chord,high,(none),SFX,fundamental_hz=25.88; spectral_purity=0.0001992; harmonicity=1; inharmonicity=0.0003695; attack_ms=32; decay_seconds=3.728; sustain_ratio=0.8157; spectral_centroid=9469; sub_energy_ratio=0.001706; onset_density=14.8; rhythmic_autocorr=0.1067,review,junk given a confident real class -- the binding product risk,"escape hatch fired with no note: the label records only that the option list was wrong, not what the file is",YES,Kick | Snare | Rimshot | Hi-Hat | Crash | Clap | Percussion | Tom | Shaker/Tambourine | Hand Drum | Other Percussive Hit | Foley | Impact | SFX | Riser | Atmosphere | Pad | Bass Hit | 808 | Sub Bass | Reese Bass | Synth Bass Sustained | Synth One-Shot | Vocal One-Shot | Other/none,Tom | Shaker/Tambourine | Hand Drum | Other Percussive Hit | Top Loop | Hi-Hat Loop | Percussion Loop | Drum Loop | n/a,one-shot | loop | sustained/tail | unclear,Taxonomy gap (NOTE REQUIRED),Unknown (NOTE REQUIRED),,,,,,
8,P1,rejection_boundary,/Volumes/Jack_Gandy_1TB_SSD/testing-for-NITE-DSP/sample_pack_testing/Sounds of KSHMR Vol.3/KSHMR_FX_Elements/KSHMR_Glitches_and_Industrial/KSHMR_Industrial_Grime/KSHMR_Industrial_Grime_01_F.wav,KSHMR_Industrial_Grime_01_F.wav,Sounds of KSHMR Vol.3,KSHMR_FX_Elements,Not in list,,SFX,,0.199,(no recognised token),none,(none),SFX,fundamental_hz=41.32; spectral_purity=0.439; harmonicity=0.75; inharmonicity=0.02425; attack_ms=24; decay_seconds=1.568; sustain_ratio=0.4982; spectral_centroid=4333; sub_energy_ratio=0.5345; onset_density=10.62; rhythmic_autocorr=0.09869,review,junk given a confident real class -- the binding product risk,"escape hatch fired with no note: the label records only that the option list was wrong, not what the file is",YES,Kick | Snare | Rimshot | Hi-Hat | Crash | Clap | Percussion | Tom | Shaker/Tambourine | Hand Drum | Other Percussive Hit | Foley | Impact | SFX | Riser | Atmosphere | Pad | Bass Hit | 808 | Sub Bass | Reese Bass | Synth Bass Sustained | Synth One-Shot | Vocal One-Shot | Other/none,Tom | Shaker/Tambourine | Hand Drum | Other Percussive Hit | Top Loop | Hi-Hat Loop | Percussion Loop | Drum Loop | n/a,one-shot | loop | sustained/tail | unclear,Taxonomy gap (NOTE REQUIRED),Unknown (NOTE REQUIRED),,,,,,
9,P1,rejection_boundary,/Volumes/Jack_Gandy_1TB_SSD/testing-for-NITE-DSP/sample_pack_testing/Mike Shinoda Drums/MS BEATS/Victory March Samples/GB snd 11.WAV,GB snd 11.WAV,Mike Shinoda Drums,MS BEATS,Not in list,,Kick,,0.326,(no recognised token),none,(none),Kick,fundamental_hz=64.47; spectral_purity=0.3474; harmonicity=1; inharmonicity=0.009214; attack_ms=48; decay_seconds=0.16; sustain_ratio=0.7628; spectral_centroid=2972; sub_energy_ratio=0.0287; onset_density=1.26; rhythmic_autocorr=0.009204,review,junk given a confident real class -- the binding product risk,"escape hatch fired with no note: the label records only that the option list was wrong, not what the file is",YES,Kick | Snare | Rimshot | Hi-Hat | Crash | Clap | Percussion | Tom | Shaker/Tambourine | Hand Drum | Other Percussive Hit | Foley | Impact | SFX | Riser | Atmosphere | Pad | Bass Hit | 808 | Sub Bass | Reese Bass | Synth Bass Sustained | Synth One-Shot | Vocal One-Shot | Other/none,Tom | Shaker/Tambourine | Hand Drum | Other Percussive Hit | Top Loop | Hi-Hat Loop | Percussion Loop | Drum Loop | n/a,one-shot | loop | sustained/tail | unclear,Taxonomy gap (NOTE REQUIRED),Unknown (NOTE REQUIRED),,,,,,
10,P1,rejection_boundary,/Volumes/Jack_Gandy_1TB_SSD/testing-for-NITE-DSP/sample_pack_testing/Loaded Samples - Lo-Fi Memphis 2/DRUMS & PERC LOOPS/Hi-Hat Loop #4 [65BPM].wav,Hi-Hat Loop #4 [65BPM].wav,Loaded Samples - Lo-Fi Memphis 2,DRUMS & PERC LOOPS,Not in list,,Percussion Loop,,0.25,Hi Hat|Hat|Loop,medium,Hi-Hat,Percussion Loop,fundamental_hz=1178; spectral_purity=0.0001748; harmonicity=0.4167; inharmonicity=0.04725; attack_ms=504; decay_seconds=0.352; sustain_ratio=0.3288; spectral_centroid=8356; sub_energy_ratio=0.0002183; onset_density=5.01; rhythmic_autocorr=0.8562,review,junk given a confident real class -- the binding product risk,"escape hatch fired with no note: the label records only that the option list was wrong, not what the file is",YES,Kick | Snare | Rimshot | Hi-Hat | Crash | Clap | Percussion | Tom | Shaker/Tambourine | Hand Drum | Other Percussive Hit | Foley | Impact | SFX | Riser | Atmosphere | Pad | Bass Hit | 808 | Sub Bass | Reese Bass | Synth Bass Sustained | Synth One-Shot | Vocal One-Shot | Other/none,Tom | Shaker/Tambourine | Hand Drum | Other Percussive Hit | Top Loop | Hi-Hat Loop | Percussion Loop | Drum Loop | n/a,one-shot | loop | sustained/tail | unclear,Taxonomy gap (NOTE REQUIRED),Unknown (NOTE REQUIRED),,,,,,
11,P1,rejection_boundary,/Volumes/Jack_Gandy_1TB_SSD/testing-for-NITE-DSP/sample_pack_testing/Sounds of KSHMR Vol.3/KSHMR_FX_Elements/KSHMR_Glitches_and_Industrial/KSHMR_Industrial_Grime/KSHMR_Industrial_Grime_03_90_G#.wav,KSHMR_Industrial_Grime_03_90_G#.wav,Sounds of KSHMR Vol.3,KSHMR_FX_Elements,Not in list,,Synth Loop,,0.195,(no recognised token),none,(none),Synth Loop,fundamental_hz=423.8; spectral_purity=0.207; harmonicity=0.75; inharmonicity=0.1582; attack_ms=200; decay_seconds=0.304; sustain_ratio=0.7325; spectral_centroid=4288; sub_energy_ratio=0.04952; onset_density=6; rhythmic_autocorr=0.878,review,junk given a confident real class -- the binding product risk,"escape hatch fired with no note: the label records only that the option list was wrong, not what the file is",YES,Kick | Snare | Rimshot | Hi-Hat | Crash | Clap | Percussion | Tom | Shaker/Tambourine | Hand Drum | Other Percussive Hit | Foley | Impact | SFX | Riser | Atmosphere | Pad | Bass Hit | 808 | Sub Bass | Reese Bass | Synth Bass Sustained | Synth One-Shot | Vocal One-Shot | Other/none,Tom | Shaker/Tambourine | Hand Drum | Other Percussive Hit | Top Loop | Hi-Hat Loop | Percussion Loop | Drum Loop | n/a,one-shot | loop | sustained/tail | unclear,Taxonomy gap (NOTE REQUIRED),Unknown (NOTE REQUIRED),,,,,,
12,P1,rejection_boundary,/Volumes/Jack_Gandy_1TB_SSD/testing-for-NITE-DSP/sample_pack_testing/Loaded Samples - Lo-Fi Memphis 2/MELODIES (X3 & DR5)/Stems (OG Versions)/OGSTEM_Kickin' In Doors #2 [72 BPM] (E).wav,OGSTEM_Kickin' In Doors #2 [72 BPM] (E).wav,Loaded Samples - Lo-Fi Memphis 2,MELODIES (X3 & DR5),Not in list,,Synth Loop,,0.321,(no recognised token),none,(none),Synth Loop,fundamental_hz=501.1; spectral_purity=0.6159; harmonicity=0.4167; inharmonicity=0.2222; attack_ms=216; decay_seconds=0.48; sustain_ratio=0.2925; spectral_centroid=1825; sub_energy_ratio=0.00167; onset_density=1.4; rhythmic_autocorr=0.5458,review,junk given a confident real class -- the binding product risk,"escape hatch fired with no note: the label records only that the option list was wrong, not what the file is",YES,Kick | Snare | Rimshot | Hi-Hat | Crash | Clap | Percussion | Tom | Shaker/Tambourine | Hand Drum | Other Percussive Hit | Foley | Impact | SFX | Riser | Atmosphere | Pad | Bass Hit | 808 | Sub Bass | Reese Bass | Synth Bass Sustained | Synth One-Shot | Vocal One-Shot | Other/none,Tom | Shaker/Tambourine | Hand Drum | Other Percussive Hit | Top Loop | Hi-Hat Loop | Percussion Loop | Drum Loop | n/a,one-shot | loop | sustained/tail | unclear,Taxonomy gap (NOTE REQUIRED),Unknown (NOTE REQUIRED),,,,,,
13,P1,rejection_boundary,/Volumes/Jack_Gandy_1TB_SSD/testing-for-NITE-DSP/sample_pack_testing/Mike Shinoda Drums/MPC 1000 Backup/IRIDESCENT/GB snd 61.WAV,GB snd 61.WAV,Mike Shinoda Drums,MPC 1000 Backup,Not in list,,Foley,,0.187,(no recognised token),none,(none),Foley,fundamental_hz=34.15; spectral_purity=0.1998; harmonicity=0.9167; inharmonicity=0.01983; attack_ms=56; decay_seconds=0.184; sustain_ratio=0.1071; spectral_centroid=2673; sub_energy_ratio=0.3883; onset_density=3.396; rhythmic_autocorr=0.1035,review,junk given a confident real class -- the binding product risk,"escape hatch fired with no note: the label records only that the option list was wrong, not what the file is",YES,Kick | Snare | Rimshot | Hi-Hat | Crash | Clap | Percussion | Tom | Shaker/Tambourine | Hand Drum | Other Percussive Hit | Foley | Impact | SFX | Riser | Atmosphere | Pad | Bass Hit | 808 | Sub Bass | Reese Bass | Synth Bass Sustained | Synth One-Shot | Vocal One-Shot | Other/none,Tom | Shaker/Tambourine | Hand Drum | Other Percussive Hit | Top Loop | Hi-Hat Loop | Percussion Loop | Drum Loop | n/a,one-shot | loop | sustained/tail | unclear,Taxonomy gap (NOTE REQUIRED),Unknown (NOTE REQUIRED),,,,,,
14,P1,rejection_boundary,/Volumes/Jack_Gandy_1TB_SSD/testing-for-NITE-DSP/sample_pack_testing/Breaks/The Drum Broker - International Breaks & Essential Kicks/The Drum Broker - International Breaks 5/CHOPS/SUCHA HATS 2.wav,SUCHA HATS 2.wav,Breaks,The Drum Broker - International Breaks & Essential Kicks,Not in list,,Drum Loop,,0.272,HATS,medium,Hi-Hat,Drum Loop,fundamental_hz=0; spectral_purity=0.2258; harmonicity=0.5; inharmonicity=0.05182; attack_ms=248; decay_seconds=0.088; sustain_ratio=0.3261; spectral_centroid=3837; sub_energy_ratio=0.1036; onset_density=4.457; rhythmic_autocorr=0.5723,review,junk given a confident real class -- the binding product risk,"escape hatch fired with no note: the label records only that the option list was wrong, not what the file is",YES,Kick | Snare | Rimshot | Hi-Hat | Crash | Clap | Percussion | Tom | Shaker/Tambourine | Hand Drum | Other Percussive Hit | Foley | Impact | SFX | Riser | Atmosphere | Pad | Bass Hit | 808 | Sub Bass | Reese Bass | Synth Bass Sustained | Synth One-Shot | Vocal One-Shot | Other/none,Tom | Shaker/Tambourine | Hand Drum | Other Percussive Hit | Top Loop | Hi-Hat Loop | Percussion Loop | Drum Loop | n/a,one-shot | loop | sustained/tail | unclear,Taxonomy gap (NOTE REQUIRED),Unknown (NOTE REQUIRED),,,,,,
15,P1,rejection_boundary,/Volumes/Jack_Gandy_1TB_SSD/testing-for-NITE-DSP/sample_pack_testing/Mike Shinoda Drums/MS BEATS/Castle Of Glass Remix2 Samples/KEYZ15.WAV,KEYZ15.WAV,Mike Shinoda Drums,MS BEATS,Not in list,,Synth One-Shot,,0.193,(no recognised token),none,(none),Synth One-Shot,fundamental_hz=449; spectral_purity=0.8103; harmonicity=0.5; inharmonicity=0.08131; attack_ms=40; decay_seconds=0.352; sustain_ratio=0.824; spectral_centroid=4472; sub_energy_ratio=0.0002039; onset_density=9.764; rhythmic_autocorr=0.07041,review,junk given a confident real class -- the binding product risk,"escape hatch fired with no note: the label records only that the option list was wrong, not what the file is",YES,Kick | Snare | Rimshot | Hi-Hat | Crash | Clap | Percussion | Tom | Shaker/Tambourine | Hand Drum | Other Percussive Hit | Foley | Impact | SFX | Riser | Atmosphere | Pad | Bass Hit | 808 | Sub Bass | Reese Bass | Synth Bass Sustained | Synth One-Shot | Vocal One-Shot | Other/none,Tom | Shaker/Tambourine | Hand Drum | Other Percussive Hit | Top Loop | Hi-Hat Loop | Percussion Loop | Drum Loop | n/a,one-shot | loop | sustained/tail | unclear,Taxonomy gap (NOTE REQUIRED),Unknown (NOTE REQUIRED),,,,,,
16,P1,rejection_boundary,/Volumes/Jack_Gandy_1TB_SSD/testing-for-NITE-DSP/sample_pack_testing/Old Movies 1 - Vintage Collection (Drum Kit)/Noise & Texture (Old Movies)/HHH_Texture 5.wav,HHH_Texture 5.wav,Old Movies 1 - Vintage Collection (Drum Kit),Noise & Texture (Old Movies),Not in list,,Foley Loop,,0.218,Texture,high,(none),Foley Loop,fundamental_hz=984.9; spectral_purity=0.01341; harmonicity=0.08333; inharmonicity=0.1217; attack_ms=3688; decay_seconds=0.048; sustain_ratio=0.09933; spectral_centroid=2140; sub_energy_ratio=5.621e-08; onset_density=3.115; rhythmic_autocorr=0.4984,review,junk given a confident real class -- the binding product risk,"escape hatch fired with no note: the label records only that the option list was wrong, not what the file is",YES,Kick | Snare | Rimshot | Hi-Hat | Crash | Clap | Percussion | Tom | Shaker/Tambourine | Hand Drum | Other Percussive Hit | Foley | Impact | SFX | Riser | Atmosphere | Pad | Bass Hit | 808 | Sub Bass | Reese Bass | Synth Bass Sustained | Synth One-Shot | Vocal One-Shot | Other/none,Tom | Shaker/Tambourine | Hand Drum | Other Percussive Hit | Top Loop | Hi-Hat Loop | Percussion Loop | Drum Loop | n/a,one-shot | loop | sustained/tail | unclear,Taxonomy gap (NOTE REQUIRED),Unknown (NOTE REQUIRED),,,,,,
17,P1,rejection_boundary,/Volumes/Jack_Gandy_1TB_SSD/testing-for-NITE-DSP/sample_pack_testing/Mike Shinoda Drums/MS BEATS/Amethyst Samples/Ride AR60sLate V54 1.wav,Ride AR60sLate V54 1.wav,Mike Shinoda Drums,MS BEATS,Not in list,,Crash,,0.372,(no recognised token),none,(none),Crash,fundamental_hz=704.5; spectral_purity=0.064; harmonicity=0.6667; inharmonicity=0.04526; attack_ms=8; decay_seconds=0.304; sustain_ratio=0.07001; spectral_centroid=4727; sub_energy_ratio=0.009416; onset_density=15; rhythmic_autocorr=0.2516,review,junk given a confident real class -- the binding product risk,"escape hatch fired with no note: the label records only that the option list was wrong, not what the file is",YES,Kick | Snare | Rimshot | Hi-Hat | Crash | Clap | Percussion | Tom | Shaker/Tambourine | Hand Drum | Other Percussive Hit | Foley | Impact | SFX | Riser | Atmosphere | Pad | Bass Hit | 808 | Sub Bass | Reese Bass | Synth Bass Sustained | Synth One-Shot | Vocal One-Shot | Other/none,Tom | Shaker/Tambourine | Hand Drum | Other Percussive Hit | Top Loop | Hi-Hat Loop | Percussion Loop | Drum Loop | n/a,one-shot | loop | sustained/tail | unclear,Taxonomy gap (NOTE REQUIRED),Unknown (NOTE REQUIRED),,,,,,
18,P1,rejection_boundary,/Volumes/Jack_Gandy_1TB_SSD/testing-for-NITE-DSP/sample_pack_testing/Loaded Samples - Lo-Fi Memphis 2/MELODIES (X3 & DR5)/Stems (OG Versions)/OGSTEM_Bell Will Toll #1 [72BPM] (G).wav,OGSTEM_Bell Will Toll #1 [72BPM] (G).wav,Loaded Samples - Lo-Fi Memphis 2,MELODIES (X3 & DR5),Not in list,,Synth One-Shot,,0.368,(no recognised token),none,(none),Synth One-Shot,fundamental_hz=126.7; spectral_purity=5.062e-06; harmonicity=0.8333; inharmonicity=0.02733; attack_ms=664; decay_seconds=5.968; sustain_ratio=0.5188; spectral_centroid=2030; sub_energy_ratio=6.768e-06; onset_density=1.2; rhythmic_autocorr=0.6213,review,junk given a confident real class -- the binding product risk,"escape hatch fired with no note: the label records only that the option list was wrong, not what the file is",YES,Kick | Snare | Rimshot | Hi-Hat | Crash | Clap | Percussion | Tom | Shaker/Tambourine | Hand Drum | Other Percussive Hit | Foley | Impact | SFX | Riser | Atmosphere | Pad | Bass Hit | 808 | Sub Bass | Reese Bass | Synth Bass Sustained | Synth One-Shot | Vocal One-Shot | Other/none,Tom | Shaker/Tambourine | Hand Drum | Other Percussive Hit | Top Loop | Hi-Hat Loop | Percussion Loop | Drum Loop | n/a,one-shot | loop | sustained/tail | unclear,Taxonomy gap (NOTE REQUIRED),Unknown (NOTE REQUIRED),,,,,,
19,P1,rejection_boundary,/Volumes/Jack_Gandy_1TB_SSD/Samples 2021 ->/Sample Packs/Senegal Sessions/Loops/Melodic_Loops/SS_SS_90_melodic_loop_dakar_kora_C.wav,SS_SS_90_melodic_loop_dakar_kora_C.wav,Senegal Sessions,Loops,Not in list,,Vocal Loop,,0.361,loop,high,(none),Vocal Loop,fundamental_hz=274.8; spectral_purity=0.2789; harmonicity=0.1667; inharmonicity=0.1249; attack_ms=6704; decay_seconds=2.472; sustain_ratio=0.427; spectral_centroid=1883; sub_energy_ratio=1.293e-05; onset_density=3.3; rhythmic_autocorr=0.4456,review,junk given a confident real class -- the binding product risk,"escape hatch fired with no note: the label records only that the option list was wrong, not what the file is",YES,Kick | Snare | Rimshot | Hi-Hat | Crash | Clap | Percussion | Tom | Shaker/Tambourine | Hand Drum | Other Percussive Hit | Foley | Impact | SFX | Riser | Atmosphere | Pad | Bass Hit | 808 | Sub Bass | Reese Bass | Synth Bass Sustained | Synth One-Shot | Vocal One-Shot | Other/none,Tom | Shaker/Tambourine | Hand Drum | Other Percussive Hit | Top Loop | Hi-Hat Loop | Percussion Loop | Drum Loop | n/a,one-shot | loop | sustained/tail | unclear,Taxonomy gap (NOTE REQUIRED),Unknown (NOTE REQUIRED),,,,,,
20,P1,rejection_boundary,/Volumes/Jack_Gandy_1TB_SSD/Samples 2021 ->/2023/Leads/Freeze PIANO [2023-03-03 122138].wav,Freeze PIANO [2023-03-03 122138].wav,personal:2023,personal:2023/Leads,Not in list,,Synth One-Shot,,0.645,(no recognised token),none,(none),Synth One-Shot,fundamental_hz=262.4; spectral_purity=0.9641; harmonicity=0; inharmonicity=0; attack_ms=40; decay_seconds=1.176; sustain_ratio=0.01512; spectral_centroid=1496; sub_energy_ratio=6.289e-06; onset_density=0.9721; rhythmic_autocorr=0.4413,suggest,junk given a confident real class -- the binding product risk,"escape hatch fired with no note: the label records only that the option list was wrong, not what the file is",YES,Kick | Snare | Rimshot | Hi-Hat | Crash | Clap | Percussion | Tom | Shaker/Tambourine | Hand Drum | Other Percussive Hit | Foley | Impact | SFX | Riser | Atmosphere | Pad | Bass Hit | 808 | Sub Bass | Reese Bass | Synth Bass Sustained | Synth One-Shot | Vocal One-Shot | Other/none,Tom | Shaker/Tambourine | Hand Drum | Other Percussive Hit | Top Loop | Hi-Hat Loop | Percussion Loop | Drum Loop | n/a,one-shot | loop | sustained/tail | unclear,Taxonomy gap (NOTE REQUIRED),Unknown (NOTE REQUIRED),,,,,,
21,P1,rejection_boundary,/Volumes/Jack_Gandy_1TB_SSD/Samples 2021 ->/Sample Packs/Teddy Killerz/Producer Pack (1)/Samples/Bass 174 BPM Fm - 12.wav,Bass 174 BPM Fm - 12.wav,Teddy Killerz,Producer Pack (1),Not in list,,Bass Reese,,0.557,Bass,high,(none),Bass Reese,fundamental_hz=44.03; spectral_purity=0.2854; harmonicity=0.5455; inharmonicity=0.04489; attack_ms=2464; decay_seconds=0.344; sustain_ratio=0.7164; spectral_centroid=2285; sub_energy_ratio=0.3889; onset_density=5.8; rhythmic_autocorr=0.367,suggest,junk given a confident real class -- the binding product risk,"escape hatch fired with no note: the label records only that the option list was wrong, not what the file is",YES,Kick | Snare | Rimshot | Hi-Hat | Crash | Clap | Percussion | Tom | Shaker/Tambourine | Hand Drum | Other Percussive Hit | Foley | Impact | SFX | Riser | Atmosphere | Pad | Bass Hit | 808 | Sub Bass | Reese Bass | Synth Bass Sustained | Synth One-Shot | Vocal One-Shot | Other/none,Tom | Shaker/Tambourine | Hand Drum | Other Percussive Hit | Top Loop | Hi-Hat Loop | Percussion Loop | Drum Loop | n/a,one-shot | loop | sustained/tail | unclear,Taxonomy gap (NOTE REQUIRED),Unknown (NOTE REQUIRED),,,,,,
22,P1,rejection_boundary,/Volumes/Jack_Gandy_1TB_SSD/Samples 2021 ->/Sample Packs/Rosentricks - Essentials/Chords/RT_Chord_Piano_Moonwake_C_Major_Open.wav,RT_Chord_Piano_Moonwake_C_Major_Open.wav,Rosentricks - Essentials,Chords,Not in list,,Synth One-Shot,,0.383,Chord,high,(none),Synth One-Shot,fundamental_hz=65.6; spectral_purity=0.007674; harmonicity=0.9167; inharmonicity=0.01853; attack_ms=32; decay_seconds=2.256; sustain_ratio=0.04916; spectral_centroid=2071; sub_energy_ratio=0.03514; onset_density=0.6; rhythmic_autocorr=0.2305,review,junk given a confident real class -- the binding product risk,"escape hatch fired with no note: the label records only that the option list was wrong, not what the file is",YES,Kick | Snare | Rimshot | Hi-Hat | Crash | Clap | Percussion | Tom | Shaker/Tambourine | Hand Drum | Other Percussive Hit | Foley | Impact | SFX | Riser | Atmosphere | Pad | Bass Hit | 808 | Sub Bass | Reese Bass | Synth Bass Sustained | Synth One-Shot | Vocal One-Shot | Other/none,Tom | Shaker/Tambourine | Hand Drum | Other Percussive Hit | Top Loop | Hi-Hat Loop | Percussion Loop | Drum Loop | n/a,one-shot | loop | sustained/tail | unclear,Taxonomy gap (NOTE REQUIRED),Unknown (NOTE REQUIRED),,,,,,
23,P1,rejection_boundary,/Volumes/Jack_Gandy_1TB_SSD/Samples 2021 ->/Sample Packs/Teddy Killerz/Producer Pack/Samples/Bass Dm 174 BPM - 10.wav,Bass Dm 174 BPM - 10.wav,Teddy Killerz,Producer Pack,Not in list,,Bass Reese,,0.215,Bass,high,(none),Bass Reese,fundamental_hz=37.24; spectral_purity=0.3364; harmonicity=0.6667; inharmonicity=0.04771; attack_ms=56; decay_seconds=2.656; sustain_ratio=0.7252; spectral_centroid=4573; sub_energy_ratio=0.7358; onset_density=4.35; rhythmic_autocorr=0.2888,review,junk given a confident real class -- the binding product risk,"escape hatch fired with no note: the label records only that the option list was wrong, not what the file is",YES,Kick | Snare | Rimshot | Hi-Hat | Crash | Clap | Percussion | Tom | Shaker/Tambourine | Hand Drum | Other Percussive Hit | Foley | Impact | SFX | Riser | Atmosphere | Pad | Bass Hit | 808 | Sub Bass | Reese Bass | Synth Bass Sustained | Synth One-Shot | Vocal One-Shot | Other/none,Tom | Shaker/Tambourine | Hand Drum | Other Percussive Hit | Top Loop | Hi-Hat Loop | Percussion Loop | Drum Loop | n/a,one-shot | loop | sustained/tail | unclear,Taxonomy gap (NOTE REQUIRED),Unknown (NOTE REQUIRED),,,,,,
24,P1,rejection_boundary,/Volumes/Jack_Gandy_1TB_SSD/Samples 2021 ->/2024/Instruments (C1)/Upright Piano (C1).wav,Upright Piano (C1).wav,personal:2024,personal:2024/Instruments (C1),Not in list,,Synth One-Shot,,0.406,(no recognised token),none,(none),Synth One-Shot,fundamental_hz=65.22; spectral_purity=0.07743; harmonicity=1; inharmonicity=0.0106; attack_ms=16; decay_seconds=3.72; sustain_ratio=0.1165; spectral_centroid=524.9; sub_energy_ratio=0.005368; onset_density=0.4412; rhythmic_autocorr=0.2269,review,junk given a confident real class -- the binding product risk,"escape hatch fired with no note: the label records only that the option list was wrong, not what the file is",YES,Kick | Snare | Rimshot | Hi-Hat | Crash | Clap | Percussion | Tom | Shaker/Tambourine | Hand Drum | Other Percussive Hit | Foley | Impact | SFX | Riser | Atmosphere | Pad | Bass Hit | 808 | Sub Bass | Reese Bass | Synth Bass Sustained | Synth One-Shot | Vocal One-Shot | Other/none,Tom | Shaker/Tambourine | Hand Drum | Other Percussive Hit | Top Loop | Hi-Hat Loop | Percussion Loop | Drum Loop | n/a,one-shot | loop | sustained/tail | unclear,Taxonomy gap (NOTE REQUIRED),Unknown (NOTE REQUIRED),,,,,,
25,P1,rejection_boundary,/Volumes/Jack_Gandy_1TB_SSD/Samples 2021 ->/Sample Packs/Tropical House By Singular Sounds/SS_tropical_house_pack/SS_melody_loops/SS_100_Bbm_i_see_thunder_plucks.wav,SS_100_Bbm_i_see_thunder_plucks.wav,Tropical House By Singular Sounds,SS_tropical_house_pack,Not in list,,Synth Loop,,0.401,(no recognised token),none,(none),Synth Loop,fundamental_hz=46.38; spectral_purity=1.918e-05; harmonicity=0.9167; inharmonicity=0.0178; attack_ms=480; decay_seconds=0.24; sustain_ratio=0.2288; spectral_centroid=985.1; sub_energy_ratio=0.0001534; onset_density=2; rhythmic_autocorr=0.776,review,junk given a confident real class -- the binding product risk,"escape hatch fired with no note: the label records only that the option list was wrong, not what the file is",YES,Kick | Snare | Rimshot | Hi-Hat | Crash | Clap | Percussion | Tom | Shaker/Tambourine | Hand Drum | Other Percussive Hit | Foley | Impact | SFX | Riser | Atmosphere | Pad | Bass Hit | 808 | Sub Bass | Reese Bass | Synth Bass Sustained | Synth One-Shot | Vocal One-Shot | Other/none,Tom | Shaker/Tambourine | Hand Drum | Other Percussive Hit | Top Loop | Hi-Hat Loop | Percussion Loop | Drum Loop | n/a,one-shot | loop | sustained/tail | unclear,Taxonomy gap (NOTE REQUIRED),Unknown (NOTE REQUIRED),,,,,,
26,P1,rejection_boundary,/Volumes/Jack_Gandy_1TB_SSD/Samples 2021 ->/Sample Packs/Rooftop Afterhours/Splice_Sounds_-_Rooftop_Afterhours/RA_KIT_5_119_Dm/16_RA_KIT_05_PAD_119_Dm.wav,16_RA_KIT_05_PAD_119_Dm.wav,Rooftop Afterhours,Splice_Sounds_-_Rooftop_Afterhours,Not in list,,Synth Loop,,0.359,(no recognised token),none,(none),Synth Loop,fundamental_hz=36.81; spectral_purity=0.0001934; harmonicity=0.9167; inharmonicity=0.01781; attack_ms=1216; decay_seconds=0.624; sustain_ratio=0.3875; spectral_centroid=631.1; sub_energy_ratio=0.0008501; onset_density=8.7; rhythmic_autocorr=0.6875,review,junk given a confident real class -- the binding product risk,"escape hatch fired with no note: the label records only that the option list was wrong, not what the file is",YES,Kick | Snare | Rimshot | Hi-Hat | Crash | Clap | Percussion | Tom | Shaker/Tambourine | Hand Drum | Other Percussive Hit | Foley | Impact | SFX | Riser | Atmosphere | Pad | Bass Hit | 808 | Sub Bass | Reese Bass | Synth Bass Sustained | Synth One-Shot | Vocal One-Shot | Other/none,Tom | Shaker/Tambourine | Hand Drum | Other Percussive Hit | Top Loop | Hi-Hat Loop | Percussion Loop | Drum Loop | n/a,one-shot | loop | sustained/tail | unclear,Taxonomy gap (NOTE REQUIRED),Unknown (NOTE REQUIRED),,,,,,
27,P1,rejection_boundary,/Volumes/Jack_Gandy_1TB_SSD/Samples 2021 ->/2023/Cello Inputs (C1)/Cello BBC.wav,Cello BBC.wav,personal:2023,personal:2023/Cello Inputs (C1),Not in list,,Synth Loop,,0.296,(no recognised token),none,(none),Synth Loop,fundamental_hz=65.22; spectral_purity=0.002857; harmonicity=1; inharmonicity=0.005986; attack_ms=1984; decay_seconds=2.464; sustain_ratio=0.4575; spectral_centroid=891.9; sub_energy_ratio=0.0001667; onset_density=0.3; rhythmic_autocorr=0.1224,review,junk given a confident real class -- the binding product risk,"escape hatch fired with no note: the label records only that the option list was wrong, not what the file is",YES,Kick | Snare | Rimshot | Hi-Hat | Crash | Clap | Percussion | Tom | Shaker/Tambourine | Hand Drum | Other Percussive Hit | Foley | Impact | SFX | Riser | Atmosphere | Pad | Bass Hit | 808 | Sub Bass | Reese Bass | Synth Bass Sustained | Synth One-Shot | Vocal One-Shot | Other/none,Tom | Shaker/Tambourine | Hand Drum | Other Percussive Hit | Top Loop | Hi-Hat Loop | Percussion Loop | Drum Loop | n/a,one-shot | loop | sustained/tail | unclear,Taxonomy gap (NOTE REQUIRED),Unknown (NOTE REQUIRED),,,,,,
28,P1,rejection_boundary,/Volumes/Jack_Gandy_1TB_SSD/Samples 2021 ->/Sample Packs/Gazzo Essentials Vol. 1/Gazzo_Essentials_Vol._1/Construction_Kit/Prog_House_Kit/GE_A#_128_Prog_House_SynthsPiano_Loop.wav,GE_A#_128_Prog_House_SynthsPiano_Loop.wav,Gazzo Essentials Vol. 1,Gazzo_Essentials_Vol._1,Not in list,,Synth Loop,,0.396,Loop,high,(none),Synth Loop,fundamental_hz=58.78; spectral_purity=3.863e-05; harmonicity=1; inharmonicity=0.007767; attack_ms=688; decay_seconds=0.24; sustain_ratio=0.5426; spectral_centroid=4130; sub_energy_ratio=5.368e-05; onset_density=3.067; rhythmic_autocorr=0.448,review,junk given a confident real class -- the binding product risk,"escape hatch fired with no note: the label records only that the option list was wrong, not what the file is",YES,Kick | Snare | Rimshot | Hi-Hat | Crash | Clap | Percussion | Tom | Shaker/Tambourine | Hand Drum | Other Percussive Hit | Foley | Impact | SFX | Riser | Atmosphere | Pad | Bass Hit | 808 | Sub Bass | Reese Bass | Synth Bass Sustained | Synth One-Shot | Vocal One-Shot | Other/none,Tom | Shaker/Tambourine | Hand Drum | Other Percussive Hit | Top Loop | Hi-Hat Loop | Percussion Loop | Drum Loop | n/a,one-shot | loop | sustained/tail | unclear,Taxonomy gap (NOTE REQUIRED),Unknown (NOTE REQUIRED),,,,,,
29,P1,rejection_boundary,/Volumes/Jack_Gandy_1TB_SSD/Samples 2021 ->/Sample Packs/Chill Synths/PL00402_ACID_WAV_Chill_Synths/Prime_Loops_-_Chill_Synths/Chill_Synths/Bpm90_em_Sirena.wav,Bpm90_em_Sirena.wav,Chill Synths,PL00402_ACID_WAV_Chill_Synths,Not in list,,Synth Loop,,0.638,(no recognised token),none,(none),Synth Loop,fundamental_hz=40.85; spectral_purity=0.2468; harmonicity=0.8333; inharmonicity=0.0351; attack_ms=224; decay_seconds=4.408; sustain_ratio=0.6939; spectral_centroid=477.1; sub_energy_ratio=0.391; onset_density=5.6; rhythmic_autocorr=0.6472,suggest,junk given a confident real class -- the binding product risk,"escape hatch fired with no note: the label records only that the option list was wrong, not what the file is",YES,Kick | Snare | Rimshot | Hi-Hat | Crash | Clap | Percussion | Tom | Shaker/Tambourine | Hand Drum | Other Percussive Hit | Foley | Impact | SFX | Riser | Atmosphere | Pad | Bass Hit | 808 | Sub Bass | Reese Bass | Synth Bass Sustained | Synth One-Shot | Vocal One-Shot | Other/none,Tom | Shaker/Tambourine | Hand Drum | Other Percussive Hit | Top Loop | Hi-Hat Loop | Percussion Loop | Drum Loop | n/a,one-shot | loop | sustained/tail | unclear,Taxonomy gap (NOTE REQUIRED),Unknown (NOTE REQUIRED),,,,,,
30,P1,rejection_boundary,/Volumes/Jack_Gandy_1TB_SSD/Samples 2021 ->/Sample Packs/Planet Pop/PL0332_ACID_WAV_Planet_Pop/Prime_Loops_-_Planet_Pop/Synth_Chords/Bpm122_F#_StarStruck.wav,Bpm122_F#_StarStruck.wav,Planet Pop,PL0332_ACID_WAV_Planet_Pop,Not in list,,Synth Loop,,0.242,(no recognised token),none,(none),Synth Loop,fundamental_hz=51.76; spectral_purity=0.2238; harmonicity=0.9167; inharmonicity=0.01802; attack_ms=24; decay_seconds=3.848; sustain_ratio=0.6586; spectral_centroid=4200; sub_energy_ratio=0.2507; onset_density=0.3812; rhythmic_autocorr=0.3287,review,junk given a confident real class -- the binding product risk,"escape hatch fired with no note: the label records only that the option list was wrong, not what the file is",YES,Kick | Snare | Rimshot | Hi-Hat | Crash | Clap | Percussion | Tom | Shaker/Tambourine | Hand Drum | Other Percussive Hit | Foley | Impact | SFX | Riser | Atmosphere | Pad | Bass Hit | 808 | Sub Bass | Reese Bass | Synth Bass Sustained | Synth One-Shot | Vocal One-Shot | Other/none,Tom | Shaker/Tambourine | Hand Drum | Other Percussive Hit | Top Loop | Hi-Hat Loop | Percussion Loop | Drum Loop | n/a,one-shot | loop | sustained/tail | unclear,Taxonomy gap (NOTE REQUIRED),Unknown (NOTE REQUIRED),,,,,,
31,P1,rejection_boundary,/Volumes/Jack_Gandy_1TB_SSD/Samples 2021 ->/2024/Random/808_vocalLayer.wav,808_vocalLayer.wav,personal:2024,personal:2024/Random,Not in list,,Kick,,0.352,808,medium,808,Kick,fundamental_hz=43.78; spectral_purity=0.8683; harmonicity=0; inharmonicity=0; attack_ms=48; decay_seconds=0.264; sustain_ratio=0.8071; spectral_centroid=1533; sub_energy_ratio=0.9514; onset_density=2.797; rhythmic_autocorr=0.05166,review,junk given a confident real class -- the binding product risk,"escape hatch fired with no note: the label records only that the option list was wrong, not what the file is",YES,Kick | Snare | Rimshot | Hi-Hat | Crash | Clap | Percussion | Tom | Shaker/Tambourine | Hand Drum | Other Percussive Hit | Foley | Impact | SFX | Riser | Atmosphere | Pad | Bass Hit | 808 | Sub Bass | Reese Bass | Synth Bass Sustained | Synth One-Shot | Vocal One-Shot | Other/none,Tom | Shaker/Tambourine | Hand Drum | Other Percussive Hit | Top Loop | Hi-Hat Loop | Percussion Loop | Drum Loop | n/a,one-shot | loop | sustained/tail | unclear,Taxonomy gap (NOTE REQUIRED),Unknown (NOTE REQUIRED),,,,,,
32,P1,rejection_boundary,/Volumes/Jack_Gandy_1TB_SSD/Samples 2021 ->/2024/Sub/Freeze 43-bIG sUB nOISE [2024-04-02 113135].wav,Freeze 43-bIG sUB nOISE [2024-04-02 113135].wav,personal:2024,personal:2024/Sub,Not in list,,Bass Reese,,0.797,sUB,high,(none),Bass Reese,fundamental_hz=44.03; spectral_purity=0.8562; harmonicity=0.6667; inharmonicity=0.02545; attack_ms=24; decay_seconds=9.968; sustain_ratio=0.7889; spectral_centroid=4089; sub_energy_ratio=0.9; onset_density=14.6; rhythmic_autocorr=0.3106,suggest,junk given a confident real class -- the binding product risk,"escape hatch fired with no note: the label records only that the option list was wrong, not what the file is",YES,Kick | Snare | Rimshot | Hi-Hat | Crash | Clap | Percussion | Tom | Shaker/Tambourine | Hand Drum | Other Percussive Hit | Foley | Impact | SFX | Riser | Atmosphere | Pad | Bass Hit | 808 | Sub Bass | Reese Bass | Synth Bass Sustained | Synth One-Shot | Vocal One-Shot | Other/none,Tom | Shaker/Tambourine | Hand Drum | Other Percussive Hit | Top Loop | Hi-Hat Loop | Percussion Loop | Drum Loop | n/a,one-shot | loop | sustained/tail | unclear,Taxonomy gap (NOTE REQUIRED),Unknown (NOTE REQUIRED),,,,,,
33,P1,rejection_boundary,/Volumes/Jack_Gandy_1TB_SSD/Samples 2021 ->/Vocalist_Samples/Georgia/Loops/Keytar[89] Georgia Trademark.wav,Keytar[89] Georgia Trademark.wav,personal:Vocalist_Samples,personal:Vocalist_Samples/Georgia,Not in list,,Synth Loop,,0.343,(no recognised token),none,(none),Synth Loop,fundamental_hz=175.1; spectral_purity=0.004293; harmonicity=0.5833; inharmonicity=0.05829; attack_ms=568; decay_seconds=0.264; sustain_ratio=0.3177; spectral_centroid=1937; sub_energy_ratio=0.000775; onset_density=3.2; rhythmic_autocorr=0.3926,review,junk given a confident real class -- the binding product risk,"escape hatch fired with no note: the label records only that the option list was wrong, not what the file is",YES,Kick | Snare | Rimshot | Hi-Hat | Crash | Clap | Percussion | Tom | Shaker/Tambourine | Hand Drum | Other Percussive Hit | Foley | Impact | SFX | Riser | Atmosphere | Pad | Bass Hit | 808 | Sub Bass | Reese Bass | Synth Bass Sustained | Synth One-Shot | Vocal One-Shot | Other/none,Tom | Shaker/Tambourine | Hand Drum | Other Percussive Hit | Top Loop | Hi-Hat Loop | Percussion Loop | Drum Loop | n/a,one-shot | loop | sustained/tail | unclear,Taxonomy gap (NOTE REQUIRED),Unknown (NOTE REQUIRED),,,,,,
34,P1,rejection_boundary,/Volumes/Jack_Gandy_1TB_SSD/Samples 2021 ->/Vocalist_Samples/Laurel Halo/Loops/Mallet[120] LH FourthyVibes.wav,Mallet[120] LH FourthyVibes.wav,personal:Vocalist_Samples,personal:Vocalist_Samples/Laurel Halo,Not in list,,Synth One-Shot,,0.28,(no recognised token),none,(none),Synth One-Shot,fundamental_hz=52.36; spectral_purity=6.109e-05; harmonicity=1; inharmonicity=0.008212; attack_ms=80; decay_seconds=2.04; sustain_ratio=0.1728; spectral_centroid=1563; sub_energy_ratio=7.547e-05; onset_density=0.5; rhythmic_autocorr=0.06515,review,junk given a confident real class -- the binding product risk,"escape hatch fired with no note: the label records only that the option list was wrong, not what the file is",YES,Kick | Snare | Rimshot | Hi-Hat | Crash | Clap | Percussion | Tom | Shaker/Tambourine | Hand Drum | Other Percussive Hit | Foley | Impact | SFX | Riser | Atmosphere | Pad | Bass Hit | 808 | Sub Bass | Reese Bass | Synth Bass Sustained | Synth One-Shot | Vocal One-Shot | Other/none,Tom | Shaker/Tambourine | Hand Drum | Other Percussive Hit | Top Loop | Hi-Hat Loop | Percussion Loop | Drum Loop | n/a,one-shot | loop | sustained/tail | unclear,Taxonomy gap (NOTE REQUIRED),Unknown (NOTE REQUIRED),,,,,,
35,P1,rejection_boundary,/Volumes/Jack_Gandy_1TB_SSD/Samples 2021 ->/Sample Packs/ZO2-THAI BREAKBEAT KIT VOL.1/Lead Loops/ZO2-THBK-LEAD-004.wav,ZO2-THBK-LEAD-004.wav,ZO2-THAI BREAKBEAT KIT VOL.1,Lead Loops,Not in list,,Vocal Loop,,0.44,(no recognised token),none,(none),Vocal Loop,fundamental_hz=205.9; spectral_purity=0.03994; harmonicity=0.5; inharmonicity=0.07432; attack_ms=32; decay_seconds=0.392; sustain_ratio=0.4933; spectral_centroid=2697; sub_energy_ratio=0.0001473; onset_density=3.8; rhythmic_autocorr=0.3139,review,junk given a confident real class -- the binding product risk,"escape hatch fired with no note: the label records only that the option list was wrong, not what the file is",YES,Kick | Snare | Rimshot | Hi-Hat | Crash | Clap | Percussion | Tom | Shaker/Tambourine | Hand Drum | Other Percussive Hit | Foley | Impact | SFX | Riser | Atmosphere | Pad | Bass Hit | 808 | Sub Bass | Reese Bass | Synth Bass Sustained | Synth One-Shot | Vocal One-Shot | Other/none,Tom | Shaker/Tambourine | Hand Drum | Other Percussive Hit | Top Loop | Hi-Hat Loop | Percussion Loop | Drum Loop | n/a,one-shot | loop | sustained/tail | unclear,Taxonomy gap (NOTE REQUIRED),Unknown (NOTE REQUIRED),,,,,,
36,P1,rejection_boundary,/Volumes/Jack_Gandy_1TB_SSD/Samples 2021 ->/Sample Packs/Production Music Live - Acoustic - Melodic House 4/Combo Loops/PMLxOT4_SV_Comboloop_006a_126BPM_Cmin.wav,PMLxOT4_SV_Comboloop_006a_126BPM_Cmin.wav,Production Music Live - Acoustic - Melodic House 4,Combo Loops,Not in list,,Synth Loop,,0.37,(no recognised token),none,(none),Synth Loop,fundamental_hz=65.6; spectral_purity=0.07122; harmonicity=0.75; inharmonicity=0.02507; attack_ms=4248; decay_seconds=5.752; sustain_ratio=0.4274; spectral_centroid=662.8; sub_energy_ratio=0.008071; onset_density=12.2; rhythmic_autocorr=0.6065,review,junk given a confident real class -- the binding product risk,"escape hatch fired with no note: the label records only that the option list was wrong, not what the file is",YES,Kick | Snare | Rimshot | Hi-Hat | Crash | Clap | Percussion | Tom | Shaker/Tambourine | Hand Drum | Other Percussive Hit | Foley | Impact | SFX | Riser | Atmosphere | Pad | Bass Hit | 808 | Sub Bass | Reese Bass | Synth Bass Sustained | Synth One-Shot | Vocal One-Shot | Other/none,Tom | Shaker/Tambourine | Hand Drum | Other Percussive Hit | Top Loop | Hi-Hat Loop | Percussion Loop | Drum Loop | n/a,one-shot | loop | sustained/tail | unclear,Taxonomy gap (NOTE REQUIRED),Unknown (NOTE REQUIRED),,,,,,
37,P1,rejection_boundary,/Volumes/Jack_Gandy_1TB_SSD/Samples 2021 ->/Sample Packs/IMANU/IMANU May 2024 Patreon Samples/Halo hook Aharmm.wav,Halo hook Aharmm.wav,IMANU,IMANU May 2024 Patreon Samples,Not in list,,Synth Loop,,0.446,(no recognised token),none,(none),Synth Loop,fundamental_hz=219.4; spectral_purity=0.08694; harmonicity=0.25; inharmonicity=0.2809; attack_ms=32; decay_seconds=4.616; sustain_ratio=0.6264; spectral_centroid=691.9; sub_energy_ratio=0.2314; onset_density=3.9; rhythmic_autocorr=0.5246,review,junk given a confident real class -- the binding product risk,"escape hatch fired with no note: the label records only that the option list was wrong, not what the file is",YES,Kick | Snare | Rimshot | Hi-Hat | Crash | Clap | Percussion | Tom | Shaker/Tambourine | Hand Drum | Other Percussive Hit | Foley | Impact | SFX | Riser | Atmosphere | Pad | Bass Hit | 808 | Sub Bass | Reese Bass | Synth Bass Sustained | Synth One-Shot | Vocal One-Shot | Other/none,Tom | Shaker/Tambourine | Hand Drum | Other Percussive Hit | Top Loop | Hi-Hat Loop | Percussion Loop | Drum Loop | n/a,one-shot | loop | sustained/tail | unclear,Taxonomy gap (NOTE REQUIRED),Unknown (NOTE REQUIRED),,,,,,
38,P1,rejection_boundary,/Volumes/Jack_Gandy_1TB_SSD/Samples 2021 ->/Sample Packs/IMANU/IMANU Patreon August 2022 Samples/odd saw F#m.wav,odd saw F#m.wav,IMANU,IMANU Patreon August 2022 Samples,Not in list,,Synth Loop,,0.306,(no recognised token),none,(none),Synth Loop,fundamental_hz=123.8; spectral_purity=0.1511; harmonicity=0.75; inharmonicity=0.0462; attack_ms=6992; decay_seconds=3; sustain_ratio=0.665; spectral_centroid=3669; sub_energy_ratio=0.003553; onset_density=0.5; rhythmic_autocorr=0.1263,review,junk given a confident real class -- the binding product risk,"escape hatch fired with no note: the label records only that the option list was wrong, not what the file is",YES,Kick | Snare | Rimshot | Hi-Hat | Crash | Clap | Percussion | Tom | Shaker/Tambourine | Hand Drum | Other Percussive Hit | Foley | Impact | SFX | Riser | Atmosphere | Pad | Bass Hit | 808 | Sub Bass | Reese Bass | Synth Bass Sustained | Synth One-Shot | Vocal One-Shot | Other/none,Tom | Shaker/Tambourine | Hand Drum | Other Percussive Hit | Top Loop | Hi-Hat Loop | Percussion Loop | Drum Loop | n/a,one-shot | loop | sustained/tail | unclear,Taxonomy gap (NOTE REQUIRED),Unknown (NOTE REQUIRED),,,,,,
39,P1,rejection_boundary,/Volumes/Jack_Gandy_1TB_SSD/Samples 2021 ->/Sample Packs/IMANU/IMANU Patreon January 2023 Samples/weird reese Dm.wav,weird reese Dm.wav,IMANU,IMANU Patreon January 2023 Samples,Not in list,,SFX,,0.378,reese,medium,Reese Bass,SFX,fundamental_hz=42.29; spectral_purity=0.1872; harmonicity=0.5; inharmonicity=0.04771; attack_ms=48; decay_seconds=2.32; sustain_ratio=0.7661; spectral_centroid=1293; sub_energy_ratio=0.318; onset_density=0.2; rhythmic_autocorr=0.1333,review,junk given a confident real class -- the binding product risk,"escape hatch fired with no note: the label records only that the option list was wrong, not what the file is",YES,Kick | Snare | Rimshot | Hi-Hat | Crash | Clap | Percussion | Tom | Shaker/Tambourine | Hand Drum | Other Percussive Hit | Foley | Impact | SFX | Riser | Atmosphere | Pad | Bass Hit | 808 | Sub Bass | Reese Bass | Synth Bass Sustained | Synth One-Shot | Vocal One-Shot | Other/none,Tom | Shaker/Tambourine | Hand Drum | Other Percussive Hit | Top Loop | Hi-Hat Loop | Percussion Loop | Drum Loop | n/a,one-shot | loop | sustained/tail | unclear,Taxonomy gap (NOTE REQUIRED),Unknown (NOTE REQUIRED),,,,,,
40,P1,rejection_boundary,/Volumes/Jack_Gandy_1TB_SSD/Samples 2021 ->/Sample Packs/IMANU/IMANU Patreon June 2024 Samples /Epic electro melody G#m but its a piano.wav,Epic electro melody G#m but its a piano.wav,IMANU,IMANU Patreon June 2024 Samples ,Not in list,,Synth Loop,,0.459,(no recognised token),none,(none),Synth Loop,fundamental_hz=68.3; spectral_purity=0.04828; harmonicity=0.5; inharmonicity=0.1315; attack_ms=56; decay_seconds=2.616; sustain_ratio=0.3955; spectral_centroid=317; sub_energy_ratio=0.04377; onset_density=1.2; rhythmic_autocorr=0.558,review,junk given a confident real class -- the binding product risk,"escape hatch fired with no note: the label records only that the option list was wrong, not what the file is",YES,Kick | Snare | Rimshot | Hi-Hat | Crash | Clap | Percussion | Tom | Shaker/Tambourine | Hand Drum | Other Percussive Hit | Foley | Impact | SFX | Riser | Atmosphere | Pad | Bass Hit | 808 | Sub Bass | Reese Bass | Synth Bass Sustained | Synth One-Shot | Vocal One-Shot | Other/none,Tom | Shaker/Tambourine | Hand Drum | Other Percussive Hit | Top Loop | Hi-Hat Loop | Percussion Loop | Drum Loop | n/a,one-shot | loop | sustained/tail | unclear,Taxonomy gap (NOTE REQUIRED),Unknown (NOTE REQUIRED),,,,,,
41,P1,rejection_boundary,/Volumes/Jack_Gandy_1TB_SSD/Samples 2021 ->/Sample Packs/IMANU/IMANU Patreon February 2023 Samples/harm more C#m.wav,harm more C#m.wav,IMANU,IMANU Patreon February 2023 Samples,Not in list,,Synth Loop,,0.414,(no recognised token),none,(none),Synth Loop,fundamental_hz=112.2; spectral_purity=0.08453; harmonicity=0.5; inharmonicity=0.1478; attack_ms=4888; decay_seconds=2.976; sustain_ratio=0.6122; spectral_centroid=792.3; sub_energy_ratio=0.01587; onset_density=8.637; rhythmic_autocorr=0.4684,review,junk given a confident real class -- the binding product risk,"escape hatch fired with no note: the label records only that the option list was wrong, not what the file is",YES,Kick | Snare | Rimshot | Hi-Hat | Crash | Clap | Percussion | Tom | Shaker/Tambourine | Hand Drum | Other Percussive Hit | Foley | Impact | SFX | Riser | Atmosphere | Pad | Bass Hit | 808 | Sub Bass | Reese Bass | Synth Bass Sustained | Synth One-Shot | Vocal One-Shot | Other/none,Tom | Shaker/Tambourine | Hand Drum | Other Percussive Hit | Top Loop | Hi-Hat Loop | Percussion Loop | Drum Loop | n/a,one-shot | loop | sustained/tail | unclear,Taxonomy gap (NOTE REQUIRED),Unknown (NOTE REQUIRED),,,,,,
42,P1,rejection_boundary,/Volumes/Jack_Gandy_1TB_SSD/Samples 2021 ->/Sample Packs/IMANU/IMANU Patreon January 2022 Samples/Breakthrough Piano F harmonic minor.wav,Breakthrough Piano F harmonic minor.wav,IMANU,IMANU Patreon January 2022 Samples,Not in list,,Synth Loop,,0.571,(no recognised token),none,(none),Synth Loop,fundamental_hz=104.1; spectral_purity=0.0112; harmonicity=0.5; inharmonicity=0.0779; attack_ms=2376; decay_seconds=7.296; sustain_ratio=0.5578; spectral_centroid=411.7; sub_energy_ratio=0.0004192; onset_density=8.3; rhythmic_autocorr=0.3869,suggest,junk given a confident real class -- the binding product risk,"escape hatch fired with no note: the label records only that the option list was wrong, not what the file is",YES,Kick | Snare | Rimshot | Hi-Hat | Crash | Clap | Percussion | Tom | Shaker/Tambourine | Hand Drum | Other Percussive Hit | Foley | Impact | SFX | Riser | Atmosphere | Pad | Bass Hit | 808 | Sub Bass | Reese Bass | Synth Bass Sustained | Synth One-Shot | Vocal One-Shot | Other/none,Tom | Shaker/Tambourine | Hand Drum | Other Percussive Hit | Top Loop | Hi-Hat Loop | Percussion Loop | Drum Loop | n/a,one-shot | loop | sustained/tail | unclear,Taxonomy gap (NOTE REQUIRED),Unknown (NOTE REQUIRED),,,,,,
43,P1,rejection_boundary,/Volumes/Jack_Gandy_1TB_SSD/Samples 2021 ->/Sample Packs/IMANU/IMANU April 2024 Patreon Samples/zjump zjup D#.wav,zjump zjup D#.wav,IMANU,IMANU April 2024 Patreon Samples,Not in list,,Bass Reese,,0.214,(no recognised token),none,(none),Bass Reese,fundamental_hz=36.39; spectral_purity=0.7647; harmonicity=0.8; inharmonicity=0.01881; attack_ms=48; decay_seconds=1.688; sustain_ratio=0.6968; spectral_centroid=2390; sub_energy_ratio=0.8523; onset_density=5.333; rhythmic_autocorr=0.3761,review,junk given a confident real class -- the binding product risk,"escape hatch fired with no note: the label records only that the option list was wrong, not what the file is",YES,Kick | Snare | Rimshot | Hi-Hat | Crash | Clap | Percussion | Tom | Shaker/Tambourine | Hand Drum | Other Percussive Hit | Foley | Impact | SFX | Riser | Atmosphere | Pad | Bass Hit | 808 | Sub Bass | Reese Bass | Synth Bass Sustained | Synth One-Shot | Vocal One-Shot | Other/none,Tom | Shaker/Tambourine | Hand Drum | Other Percussive Hit | Top Loop | Hi-Hat Loop | Percussion Loop | Drum Loop | n/a,one-shot | loop | sustained/tail | unclear,Taxonomy gap (NOTE REQUIRED),Unknown (NOTE REQUIRED),,,,,,
44,P1,rejection_boundary,/Volumes/Jack_Gandy_1TB_SSD/Samples 2021 ->/Sample Packs/IMANU/IMANU Patreon June 2022 Samples/Dist Arp Gm.wav,Dist Arp Gm.wav,IMANU,IMANU Patreon June 2022 Samples,Not in list,,Bass Reese,,0.362,(no recognised token),none,(none),Bass Reese,fundamental_hz=58.44; spectral_purity=0.2784; harmonicity=0.4545; inharmonicity=0.05354; attack_ms=136; decay_seconds=3.504; sustain_ratio=0.7575; spectral_centroid=865.1; sub_energy_ratio=0.3008; onset_density=5.7; rhythmic_autocorr=0.6513,review,junk given a confident real class -- the binding product risk,"escape hatch fired with no note: the label records only that the option list was wrong, not what the file is",YES,Kick | Snare | Rimshot | Hi-Hat | Crash | Clap | Percussion | Tom | Shaker/Tambourine | Hand Drum | Other Percussive Hit | Foley | Impact | SFX | Riser | Atmosphere | Pad | Bass Hit | 808 | Sub Bass | Reese Bass | Synth Bass Sustained | Synth One-Shot | Vocal One-Shot | Other/none,Tom | Shaker/Tambourine | Hand Drum | Other Percussive Hit | Top Loop | Hi-Hat Loop | Percussion Loop | Drum Loop | n/a,one-shot | loop | sustained/tail | unclear,Taxonomy gap (NOTE REQUIRED),Unknown (NOTE REQUIRED),,,,,,
45,P1,rejection_boundary,/Volumes/Jack_Gandy_1TB_SSD/Samples 2021 ->/Sample Packs/IMANU/IMANU Patreon March 2022 Samples/Glide Lead C#m.wav,Glide Lead C#m.wav,IMANU,IMANU Patreon March 2022 Samples,Not in list,,SFX,,0.242,(no recognised token),none,(none),SFX,fundamental_hz=414.1; spectral_purity=0.3321; harmonicity=0.5; inharmonicity=0.09058; attack_ms=5112; decay_seconds=4.84; sustain_ratio=0.7113; spectral_centroid=2656; sub_energy_ratio=1.017e-06; onset_density=0.9; rhythmic_autocorr=0.2861,review,junk given a confident real class -- the binding product risk,"escape hatch fired with no note: the label records only that the option list was wrong, not what the file is",YES,Kick | Snare | Rimshot | Hi-Hat | Crash | Clap | Percussion | Tom | Shaker/Tambourine | Hand Drum | Other Percussive Hit | Foley | Impact | SFX | Riser | Atmosphere | Pad | Bass Hit | 808 | Sub Bass | Reese Bass | Synth Bass Sustained | Synth One-Shot | Vocal One-Shot | Other/none,Tom | Shaker/Tambourine | Hand Drum | Other Percussive Hit | Top Loop | Hi-Hat Loop | Percussion Loop | Drum Loop | n/a,one-shot | loop | sustained/tail | unclear,Taxonomy gap (NOTE REQUIRED),Unknown (NOTE REQUIRED),,,,,,
46,P1,rejection_boundary,/Volumes/Jack_Gandy_1TB_SSD/Samples 2021 ->/Sample Packs/Production Music Live - Acoustic - Melodic House 4/Sequences/PMLxOT4_POL_Sequence_Poseidon_Harp_001_120BPM_Emin.wav,PMLxOT4_POL_Sequence_Poseidon_Harp_001_120BPM_Emin.wav,Production Music Live - Acoustic - Melodic House 4,Sequences,Not in list,,Synth Loop,,0.374,(no recognised token),none,(none),Synth Loop,fundamental_hz=65.6; spectral_purity=6.64e-06; harmonicity=0.7273; inharmonicity=0.02337; attack_ms=2840; decay_seconds=4.536; sustain_ratio=0.7229; spectral_centroid=1449; sub_energy_ratio=6e-06; onset_density=7; rhythmic_autocorr=0.907,review,junk given a confident real class -- the binding product risk,"escape hatch fired with no note: the label records only that the option list was wrong, not what the file is",YES,Kick | Snare | Rimshot | Hi-Hat | Crash | Clap | Percussion | Tom | Shaker/Tambourine | Hand Drum | Other Percussive Hit | Foley | Impact | SFX | Riser | Atmosphere | Pad | Bass Hit | 808 | Sub Bass | Reese Bass | Synth Bass Sustained | Synth One-Shot | Vocal One-Shot | Other/none,Tom | Shaker/Tambourine | Hand Drum | Other Percussive Hit | Top Loop | Hi-Hat Loop | Percussion Loop | Drum Loop | n/a,one-shot | loop | sustained/tail | unclear,Taxonomy gap (NOTE REQUIRED),Unknown (NOTE REQUIRED),,,,,,
47,P1,rejection_boundary,/Volumes/Jack_Gandy_1TB_SSD/Samples 2021 ->/Sample Packs/Production Music Live - Acoustic - Melodic House 4/Arpeggiator Loops/PMLxOT4_TE_Arp_Loop_001_122BPM_Dmin.wav,PMLxOT4_TE_Arp_Loop_001_122BPM_Dmin.wav,Production Music Live - Acoustic - Melodic House 4,Arpeggiator Loops,Not in list,,Synth Loop,,0.461,Loop,high,(none),Synth Loop,fundamental_hz=328.7; spectral_purity=0.1778; harmonicity=0.3333; inharmonicity=0.09914; attack_ms=3000; decay_seconds=0.312; sustain_ratio=0.2257; spectral_centroid=1165; sub_energy_ratio=2.951e-07; onset_density=3.685; rhythmic_autocorr=0.4689,review,junk given a confident real class -- the binding product risk,"escape hatch fired with no note: the label records only that the option list was wrong, not what the file is",YES,Kick | Snare | Rimshot | Hi-Hat | Crash | Clap | Percussion | Tom | Shaker/Tambourine | Hand Drum | Other Percussive Hit | Foley | Impact | SFX | Riser | Atmosphere | Pad | Bass Hit | 808 | Sub Bass | Reese Bass | Synth Bass Sustained | Synth One-Shot | Vocal One-Shot | Other/none,Tom | Shaker/Tambourine | Hand Drum | Other Percussive Hit | Top Loop | Hi-Hat Loop | Percussion Loop | Drum Loop | n/a,one-shot | loop | sustained/tail | unclear,Taxonomy gap (NOTE REQUIRED),Unknown (NOTE REQUIRED),,,,,,
48,P1,top_hihat_loop,/Volumes/Jack_Gandy_1TB_SSD/Samples 2021 ->/Sample Packs/Mike Shinoda Drums/MPC 1000 Backup/NEPTUNES SAMPLES/KIK_HAT get.wav,KIK_HAT get.wav,Mike Shinoda Drums,MPC 1000 Backup,Not in list,,(not embedded),,,KIK|HAT,medium,Hi-Hat|Kick,(not embedded),fundamental_hz=25; spectral_purity=0.0001624; harmonicity=0.6667; inharmonicity=0.03108; attack_ms=24; decay_seconds=0.288; sustain_ratio=0.4742; spectral_centroid=4869; sub_energy_ratio=0.2071; onset_density=12.33; rhythmic_autocorr=0.1683,review,"top/hat token: Top Loop has 6 labels, the Top-vs-Hi-Hat-Loop overlap is unevidenced","escape hatch fired with no note: the label records only that the option list was wrong, not what the file is",YES,Kick | Snare | Rimshot | Hi-Hat | Crash | Clap | Percussion | Tom | Shaker/Tambourine | Hand Drum | Other Percussive Hit | Foley | Impact | SFX | Riser | Atmosphere | Pad | Bass Hit | 808 | Sub Bass | Reese Bass | Synth Bass Sustained | Synth One-Shot | Vocal One-Shot | Other/none,Tom | Shaker/Tambourine | Hand Drum | Other Percussive Hit | Top Loop | Hi-Hat Loop | Percussion Loop | Drum Loop | n/a,one-shot | loop | sustained/tail | unclear,Taxonomy gap (NOTE REQUIRED),Unknown (NOTE REQUIRED),,,,,,
49,P2,foley_sfx_impact,/Volumes/Jack_Gandy_1TB_SSD/Samples 2021 ->/Sample Packs/Analog Percussion Vol.3 by Donit/Drumbrute Impact FM Drum - Short 84.wav,Drumbrute Impact FM Drum - Short 84.wav,Analog Percussion Vol.3 by Donit,Analog Percussion Vol.3 by Donit,Not enough info,,(not embedded),,,Impact,medium,Impact,(not embedded),fundamental_hz=36.39; spectral_purity=0.1756; harmonicity=0.9167; inharmonicity=0.01573; attack_ms=16; decay_seconds=0.288; sustain_ratio=0.006115; spectral_centroid=2315; sub_energy_ratio=0.2476; onset_density=5; rhythmic_autocorr=0.09475,review,"fx/foley/texture token: 'texture' measures 0%, Atmosphere has 3 labels","'Not enough info' recorded with no note: no statement of what was ambiguous, so the row cannot be re-adjudicated",YES,Kick | Snare | Rimshot | Hi-Hat | Crash | Clap | Percussion | Tom | Shaker/Tambourine | Hand Drum | Other Percussive Hit | Foley | Impact | SFX | Riser | Atmosphere | Pad | Bass Hit | 808 | Sub Bass | Reese Bass | Synth Bass Sustained | Synth One-Shot | Vocal One-Shot | Other/none,Tom | Shaker/Tambourine | Hand Drum | Other Percussive Hit | Top Loop | Hi-Hat Loop | Percussion Loop | Drum Loop | n/a,one-shot | loop | sustained/tail | unclear,Taxonomy gap (NOTE REQUIRED),Unknown (NOTE REQUIRED),,,,,,
50,P2,percussion_family,/Volumes/Jack_Gandy_1TB_SSD/Samples 2021 ->/Sample Packs/Koan Sound/Koan Sound Samples/Chronos Stems/Chronos_01/Funky Perc Drums.wav,Funky Perc Drums.wav,Koan Sound,Koan Sound Samples,Not enough info,,(not embedded),,,Perc,high,(none),(not embedded),fundamental_hz=0; spectral_purity=0.4581; harmonicity=0.6667; inharmonicity=0.03932; attack_ms=1600; decay_seconds=0.08; sustain_ratio=0; spectral_centroid=565.1; sub_energy_ratio=0.06201; onset_density=1; rhythmic_autocorr=0.6533,review,perc/shaker/tom token: 'perc' measures 29% and usually means Percussion Loop,"'Not enough info' recorded with no note: no statement of what was ambiguous, so the row cannot be re-adjudicated",YES,Kick | Snare | Rimshot | Hi-Hat | Crash | Clap | Percussion | Tom | Shaker/Tambourine | Hand Drum | Other Percussive Hit | Foley | Impact | SFX | Riser | Atmosphere | Pad | Bass Hit | 808 | Sub Bass | Reese Bass | Synth Bass Sustained | Synth One-Shot | Vocal One-Shot | Other/none,Tom | Shaker/Tambourine | Hand Drum | Other Percussive Hit | Top Loop | Hi-Hat Loop | Percussion Loop | Drum Loop | n/a,one-shot | loop | sustained/tail | unclear,Taxonomy gap (NOTE REQUIRED),Unknown (NOTE REQUIRED),,,,,,
51,P2,percussion_family,/Volumes/Jack_Gandy_1TB_SSD/Samples 2021 ->/2021/Resamples/2021/Percussion/granularMudpieCriminal.wav,granularMudpieCriminal.wav,personal:2021,personal:2021/Resamples,Not enough info,,(not embedded),,,(no recognised token),none,(none),(not embedded),fundamental_hz=1185; spectral_purity=0.02035; harmonicity=0.6667; inharmonicity=0.04927; attack_ms=1072; decay_seconds=0.192; sustain_ratio=0.1059; spectral_centroid=6858; sub_energy_ratio=9.416e-13; onset_density=4.5; rhythmic_autocorr=0.4073,review,perc/shaker/tom token: 'perc' measures 29% and usually means Percussion Loop,"'Not enough info' recorded with no note: no statement of what was ambiguous, so the row cannot be re-adjudicated",YES,Kick | Snare | Rimshot | Hi-Hat | Crash | Clap | Percussion | Tom | Shaker/Tambourine | Hand Drum | Other Percussive Hit | Foley | Impact | SFX | Riser | Atmosphere | Pad | Bass Hit | 808 | Sub Bass | Reese Bass | Synth Bass Sustained | Synth One-Shot | Vocal One-Shot | Other/none,Tom | Shaker/Tambourine | Hand Drum | Other Percussive Hit | Top Loop | Hi-Hat Loop | Percussion Loop | Drum Loop | n/a,one-shot | loop | sustained/tail | unclear,Taxonomy gap (NOTE REQUIRED),Unknown (NOTE REQUIRED),,,,,,
