id,label,path,hint,note,subtype,not_in_list_label,not_enough_info,taxonomy_gap,percussion_subtype,rejection_reason,acceptable_secondary_label,ambiguous,human_confidence,function_family,temporal_form,source_attributes,collection,pack,sample_family_id,labelling_session,_bucket
0,Bass Hit,/Volumes/Jack_Gandy_1TB_SSD/Samples 2021 ->/Sample Packs/Sounds of KSHMR Vol.3/KSHMR_Synths/KSHMR_Bass_PsyTrance/KSHMR_Psy_Bass_One_Shots/KSHMR_Psy_Bass_39_F.wav,,,,,,,,,,,,,,,Sounds of KSHMR Vol.3,KSHMR_Synths,Sounds of KSHMR Vol.3||KSHMR_Synths||kshmr psy bass 39 f,20260911T104352,bass_family
1,Synth Bass Sustained,/Volumes/Jack_Gandy_1TB_SSD/Samples 2021 ->/Sample Packs/MGF Mega Pack/Multisamples/Alpha Juno Jungle Bass Multis 1/Jungle Bass 3/AJ Jungle Bass 3 - B1.wav,,,,,,,,,,,,,,,MGF Mega Pack,Multisamples,MGF Mega Pack||Multisamples||aj jungle bass,20260911T104352,bass_family
2,Reese Bass,/Volumes/Jack_Gandy_1TB_SSD/Samples 2021 ->/2025/Reese_Bass_(F)/Bounce 2-Basic_Split_Reese [2025-12-13 021502]-2.wav,,,,,,,,,,,,,,,personal:2025,personal:2025/Reese_Bass_(F),personal:2025||personal:2025/Reese_Bass_(F)||bounce 2 basic split reese,20260911T104352,bass_family
3,Unknown,/Volumes/Jack_Gandy_1TB_SSD/Samples 2021 ->/Sample Packs/Test Press Modestep Presents Bass and Breaks Vol 1/loops/bass_loops/TSP_MODESTEP_V1_145_bass_guns_crunch_F#.wav,,Bass Loop,,,,,,,,,,,,,Test Press Modestep Presents Bass and Breaks Vol 1,loops,Test Press Modestep Presents Bass and Breaks Vol 1||loops||tsp modestep v1 145 bass guns crunch f#,20260911T104352,bass_family
4,Kick,/Volumes/Jack_Gandy_1TB_SSD/Samples 2021 ->/Sample Packs/Loaded Samples - Lo-Fi Memphis 2/DRUMS/Kicks & 808s/LFM2_Kick 909 Punch (1) (G).wav,,,,,,,,,,,,,,,Loaded Samples - Lo-Fi Memphis 2,DRUMS,Loaded Samples - Lo-Fi Memphis 2||DRUMS||lfm2 kick 909 punch (g),20260911T104352,bass_family
5,Synth Bass Sustained,/Volumes/Jack_Gandy_1TB_SSD/Samples 2021 ->/Sample Packs/MGF Mega Pack/Analogue Collection/Bass/JX3P1_BASS_24 A0.wav,,,,,,,,,,,,,,,MGF Mega Pack,Analogue Collection,MGF Mega Pack||Analogue Collection||jx3p1 bass,20260911T104352,bass_family
6,808,/Volumes/Jack_Gandy_1TB_SSD/Samples 2021 ->/Sample Packs/Drum Recollection/Essentials Drumkit Vol. 002/808s/Crazy Ideas 808.wav,,,,,,,,,,,,,,,Drum Recollection,Essentials Drumkit Vol. 002,Drum Recollection||Essentials Drumkit Vol. 002||crazy ideas,20260911T104352,bass_family
7,Bass Hit,/Volumes/Jack_Gandy_1TB_SSD/Samples 2021 ->/Sample Packs/MGF Mega Pack/Analogue Collection/Bass/EURO1_BASS_28 F0.wav,,,,,,,,,,,,,,,MGF Mega Pack,Analogue Collection,MGF Mega Pack||Analogue Collection||euro1 bass,20260911T104352,bass_family
8,Synth Bass Sustained,/Volumes/Jack_Gandy_1TB_SSD/Samples 2021 ->/Sample Packs/MGF Mega Pack/Multisamples/Alpha Juno Jungle Bass Multis 1/Jungle Bass 4/AJ Jungle Bass 4 - D1.wav,,,,,,,,,,,,,,,MGF Mega Pack,Multisamples,MGF Mega Pack||Multisamples||aj jungle bass,20260911T104352,bass_family
9,Unknown,/Volumes/Jack_Gandy_1TB_SSD/Samples 2021 ->/Sample Packs/Origin Sound - Soul Soundscapes (2025)/loops/electric_bass_guitar_loops/OS_SS_93_electric_bass_guitar_fight_song_A#m.wav,,Bass Loop,,,,,,,,,,,,,Origin Sound - Soul Soundscapes (2025),loops,Origin Sound - Soul Soundscapes (2025)||loops||os ss 93 electric bass guitar fight song a#m,20260911T104352,bass_family
10,Bass Hit,/Volumes/Jack_Gandy_1TB_SSD/Samples 2021 ->/Sample Packs/SIIK Sounds - Eclipse (Full Pack)/SIIK Sounds Eclipse (WAV Samples)/Synth Shots/Bass Shots/ECLIPSE Bass Shot 08 F#.wav,,,,,,,,,,,,,,,SIIK Sounds - Eclipse (Full Pack),SIIK Sounds Eclipse (WAV Samples),SIIK Sounds - Eclipse (Full Pack)||SIIK Sounds Eclipse (WAV Samples)||eclipse bass shot 08 f#,20260911T104352,bass_family
11,Unknown,/Volumes/Jack_Gandy_1TB_SSD/Samples 2021 ->/Sample Packs/Test Press Modestep Presents Bass and Breaks Vol 1/loops/bass_loops/TSP_MODESTEP_V1_140_bass_soundsofthe_alt2_Dmin.wav,,Bass Loop,,,,,,,,,,,,,Test Press Modestep Presents Bass and Breaks Vol 1,loops,Test Press Modestep Presents Bass and Breaks Vol 1||loops||tsp modestep v1 140 bass soundsofthe,20260911T104352,bass_family
12,Bass Hit,/Volumes/Jack_Gandy_1TB_SSD/Samples 2021 ->/Sample Packs/MGF Mega Pack/Analogue Collection/Bass/EURO1_BASS_09 A0.wav,,,,,,,,,,,,,,,MGF Mega Pack,Analogue Collection,MGF Mega Pack||Analogue Collection||euro1 bass,20260911T104352,bass_family
13,Bass Hit,/Volumes/Jack_Gandy_1TB_SSD/Samples 2021 ->/Sample Packs/Sounds of KSHMR Vol.3/KSHMR_Synths/KSHMR_Bass_PsyTrance/KSHMR_Psy_Bass_One_Shots/KSHMR_Psy_Bass_15_D#.wav,,,,,,,,,,,,,,,Sounds of KSHMR Vol.3,KSHMR_Synths,Sounds of KSHMR Vol.3||KSHMR_Synths||kshmr psy bass 15 d#,20260911T104352,bass_family
14,Synth Bass Sustained,/Volumes/Jack_Gandy_1TB_SSD/Samples 2021 ->/Sample Packs/MGF Mega Pack/Analogue Collection/Bass/JX3P1_BASS_35 C0.wav,,,,,,,,,,,,,,,MGF Mega Pack,Analogue Collection,MGF Mega Pack||Analogue Collection||jx3p1 bass,20260911T104352,bass_family
15,Bass Hit,/Volumes/Jack_Gandy_1TB_SSD/Samples 2021 ->/Sample Packs/MGF Mega Pack/Analogue Collection/Bass/EURO1_BASS_06 F0.wav,,,,,,,,,,,,,,,MGF Mega Pack,Analogue Collection,MGF Mega Pack||Analogue Collection||euro1 bass,20260911T104352,bass_family
16,Other/none,/Volumes/Jack_Gandy_1TB_SSD/Samples 2021 ->/Sample Packs/Loaded Samples - Lo-Fi Memphis 2/DRUMS & PERC LOOPS/808 Clave Loop #12 [65BPM] (A).wav,,,,,,,,other,,,,,,,Loaded Samples - Lo-Fi Memphis 2,DRUMS & PERC LOOPS,Loaded Samples - Lo-Fi Memphis 2||DRUMS & PERC LOOPS||808 clave loop (a),20260911T104352,bass_family
17,Unknown,/Volumes/Jack_Gandy_1TB_SSD/Samples 2021 ->/Sample Packs/Test Press Modestep Presents Bass and Breaks Vol 1/loops/bass_loops/TSP_MODESTEP_V1_150_bass_sludgeloop_Dmin.wav,,Bass Loop,,,,,,,,,,,,,Test Press Modestep Presents Bass and Breaks Vol 1,loops,Test Press Modestep Presents Bass and Breaks Vol 1||loops||tsp modestep v1 150 bass sludgeloop,20260911T104352,bass_family
19,Bass Hit,/Volumes/Jack_Gandy_1TB_SSD/Samples 2021 ->/Sample Packs/Sounds of KSHMR Vol.3/KSHMR_Synths/KSHMR_Bass_Shots/KSHMR_Bass_FX/KSHMR_Bass_FX_07_G#.wav,,,,,,,,,,,,,,,Sounds of KSHMR Vol.3,KSHMR_Synths,Sounds of KSHMR Vol.3||KSHMR_Synths||kshmr bass fx 07 g#,20260911T104352,bass_family
20,Unknown,/Volumes/Jack_Gandy_1TB_SSD/Samples 2021 ->/Sample Packs/Sounds of KSHMR Vol.3/KSHMR_Vocals/KSHMR_Vocals_Words_And_Phrases/KSHMR_Hype_Vocals/KSHMR_Hype_Vocal_46_They_Love_It_When_I_Turn_Up_The_Bass.wav,,Vocal Loop,,,,,,,,,,,,,Sounds of KSHMR Vol.3,KSHMR_Vocals,Sounds of KSHMR Vol.3||KSHMR_Vocals||kshmr hype vocal 46 they love it when i turn up the bass,20260911T104352,bass_family
21,Synth Bass Sustained,/Volumes/Jack_Gandy_1TB_SSD/Samples 2021 ->/Sample Packs/MGF Mega Pack/Multisamples/MGF Sub Phatty 1/RGB Bass/RGB Bass A4.wav,,,,,,,,,,,,,,,MGF Mega Pack,Multisamples,MGF Mega Pack||Multisamples||rgb bass,20260911T104352,bass_family
22,Bass Hit,/Volumes/Jack_Gandy_1TB_SSD/Samples 2021 ->/Sample Packs/MGF Mega Pack/Multisamples/MGF Minilogue Vol 1/Traxx Bass/Trax Bass - C2.wav,,,,,,,,,,,,,,,MGF Mega Pack,Multisamples,MGF Mega Pack||Multisamples||trax bass,20260911T104352,bass_family
23,Bass Hit,/Volumes/Jack_Gandy_1TB_SSD/Samples 2021 ->/Sample Packs/Sounds of KSHMR Vol.3/KSHMR_Synths/KSHMR_Bass_PsyTrance/KSHMR_Psy_Bass_One_Shots/KSHMR_Psy_Bass_43_F.wav,,,,,,,,,,,,,,,Sounds of KSHMR Vol.3,KSHMR_Synths,Sounds of KSHMR Vol.3||KSHMR_Synths||kshmr psy bass 43 f,20260911T104352,bass_family
24,Reese Bass,/Volumes/Jack_Gandy_1TB_SSD/Samples 2021 ->/2025/Reese_Bass_(F)/Bounce 1-splitreese [2025-12-11 102953]-2.wav,,,,,,,,,,,,,,,personal:2025,personal:2025/Reese_Bass_(F),personal:2025||personal:2025/Reese_Bass_(F)||bounce 1 splitreese,20260911T104352,bass_family
25,Sub Bass,/Volumes/Jack_Gandy_1TB_SSD/Samples 2021 ->/Sample Packs/Sounds of KSHMR Vol.3/KSHMR_FX_Elements/KSHMR_Sub_Drops/KSHMR_Sub_Drop_04_C.wav,,,,,,,,,,,,,,,Sounds of KSHMR Vol.3,KSHMR_FX_Elements,Sounds of KSHMR Vol.3||KSHMR_FX_Elements||kshmr sub drop 04 c,20260911T104352,bass_family
26,Bass Hit,/Volumes/Jack_Gandy_1TB_SSD/Samples 2021 ->/Sample Packs/Rosentricks - Essentials/Melodic Oneshots/RT_One_Shot_Bass_Synth_Upright_C.wav,,,,,,,,,,,,,,,Rosentricks - Essentials,Melodic Oneshots,Rosentricks - Essentials||Melodic Oneshots||rt one shot bass synth upright c,20260911T104352,bass_family
27,Unknown,/Volumes/Jack_Gandy_1TB_SSD/Samples 2021 ->/Sample Packs/Loaded Samples - Lo-Fi Memphis 2/DRUMS/Snares/LFM2_Snare 808 Hi_REV.wav,,Snare,,,,,,,,,,,,,Loaded Samples - Lo-Fi Memphis 2,DRUMS,Loaded Samples - Lo-Fi Memphis 2||DRUMS||lfm2 snare 808 hi rev,20260911T104352,bass_family
28,Synth Bass Sustained,/Volumes/Jack_Gandy_1TB_SSD/Samples 2021 ->/Sample Packs/MGF Mega Pack/Multisamples/MGF JX3P Vol 1/Gabba Bass/Gabba Bass - D#1.wav,,,,,,,,,,,,,,,MGF Mega Pack,Multisamples,MGF Mega Pack||Multisamples||gabba bass,20260911T104352,bass_family
29,Bass Hit,/Volumes/Jack_Gandy_1TB_SSD/Samples 2021 ->/Sample Packs/Sounds of KSHMR Vol.3/KSHMR_Synths/KSHMR_Bass_PsyTrance/KSHMR_Psy_Bass_One_Shots/KSHMR_Psy_Bass_02_A.wav,,,,,,,,,,,,,,,Sounds of KSHMR Vol.3,KSHMR_Synths,Sounds of KSHMR Vol.3||KSHMR_Synths||kshmr psy bass 02 a,20260911T104352,bass_family
30,Bass Hit,/Volumes/Jack_Gandy_1TB_SSD/Samples 2021 ->/Sample Packs/Sounds of KSHMR Vol.3/KSHMR_Synths/KSHMR_Bass_Shots/KSHMR_Bass_Stab/KSHMR_Bass_Shot_05_A.wav,,,,,,,,,,,,,,,Sounds of KSHMR Vol.3,KSHMR_Synths,Sounds of KSHMR Vol.3||KSHMR_Synths||kshmr bass shot 05 a,20260911T104352,bass_family
31,Unknown,/Volumes/Jack_Gandy_1TB_SSD/Samples 2021 ->/Sample Packs/MGF Mega Pack/Analogue Collection/Bass/MS20_NOV18_BASS_38 D-1.wav,,SFX,,,,,,,,,,,,,MGF Mega Pack,Analogue Collection,MGF Mega Pack||Analogue Collection||ms20 nov18 bass,20260911T104352,bass_family
32,808,/Volumes/Jack_Gandy_1TB_SSD/Samples 2021 ->/Sample Packs/Drum Recollection/Essentials Drumkit Vol. 002/808s/Sage 808.wav,,,,,,,,,,,,,,,Drum Recollection,Essentials Drumkit Vol. 002,Drum Recollection||Essentials Drumkit Vol. 002||sage,20260911T104352,bass_family
33,Synth Bass Sustained,/Volumes/Jack_Gandy_1TB_SSD/Samples 2021 ->/Sample Packs/MGF Mega Pack/Multisamples/MGF Juno 106 1/Cool Bass/Cool Bass - G0.wav,,,,,,,,,,,,,,,MGF Mega Pack,Multisamples,MGF Mega Pack||Multisamples||cool bass,20260911T104352,bass_family
34,Bass Hit,/Volumes/Jack_Gandy_1TB_SSD/Samples 2021 ->/Sample Packs/MGF Mega Pack/Multisamples/MGF Eurorack Vol 2/PWM Bass 1/PWM Bass-9 A0.wav,,,,,,,,,,,,,,,MGF Mega Pack,Multisamples,MGF Mega Pack||Multisamples||pwm bass,20260911T104352,bass_family
35,Bass Hit,/Volumes/Jack_Gandy_1TB_SSD/Samples 2021 ->/Sample Packs/MGF Mega Pack/Multisamples/MGF Eurorack Vol 2/PWM Bass 1/PWM Bass-1 C#0.wav,,,,,,,,,,,,,,,MGF Mega Pack,Multisamples,MGF Mega Pack||Multisamples||pwm bass,20260911T104352,bass_family
36,Unknown,/Volumes/Jack_Gandy_1TB_SSD/Samples 2021 ->/Sample Packs/Loaded Samples - Lo-Fi Memphis 2/DRUMS/Snares/LFM2_Snare 808 Medium (3).wav,,Snare,,,,,,,,,,,,,Loaded Samples - Lo-Fi Memphis 2,DRUMS,Loaded Samples - Lo-Fi Memphis 2||DRUMS||lfm2 snare 808 medium,20260911T104352,bass_family
37,Kick,/Volumes/Jack_Gandy_1TB_SSD/Samples 2021 ->/Sample Packs/Organic Drum Kit/5 Percussion/2 Cajon Box/1 Cajon Box/1 Bass Slap/Organic - Cajon Bass_A (3).wav,,,,,,,,,,,,,,,Organic Drum Kit,5 Percussion,Organic Drum Kit||5 Percussion||organic cajon bass a,20260911T104352,bass_family
38,Bass Hit,/Volumes/Jack_Gandy_1TB_SSD/Samples 2021 ->/Sample Packs/Sounds of KSHMR Vol.3/KSHMR_Synths/KSHMR_Bass_Shots/KSHMR_Bass_Pluck/KSHMR_Bass_Pluck_05_C.wav,,,,,,,,,,,,,,,Sounds of KSHMR Vol.3,KSHMR_Synths,Sounds of KSHMR Vol.3||KSHMR_Synths||kshmr bass pluck 05 c,20260911T104352,bass_family
39,Unknown,/Volumes/Jack_Gandy_1TB_SSD/Samples 2021 ->/Sample Packs/Sounds of KSHMR Vol.3/KSHMR_Synths/KSHMR_Bass_PsyTrance/KSHMR_Psy_Bass_Loops/KSHMR_Psy_Bass_Loop_03_138_E_Triplet.wav,,Bass Loop,,,,,,,,,,,,,Sounds of KSHMR Vol.3,KSHMR_Synths,Sounds of KSHMR Vol.3||KSHMR_Synths||kshmr psy bass loop 03 138 e triplet,20260911T104352,bass_family
40,Reese Bass,/Volumes/Jack_Gandy_1TB_SSD/Samples 2021 ->/2025/Reese_Bass_(F)/Bounce 1-basic reese [2026-01-13 100329]-2.wav,,,,,,,,,,,,,,,personal:2025,personal:2025/Reese_Bass_(F),personal:2025||personal:2025/Reese_Bass_(F)||bounce 1 basic reese,20260911T104352,bass_family
41,Unknown,/Volumes/Jack_Gandy_1TB_SSD/Samples 2021 ->/Sample Packs/Senegal Sessions/Loops/Bass/SS_SS_105_bass_synth_touba_Am.wav,,Bass Loop,,,,,,,,,,,,,Senegal Sessions,Loops,Senegal Sessions||Loops||ss ss 105 bass synth touba am,20260911T104352,bass_family
42,Unknown,/Volumes/Jack_Gandy_1TB_SSD/Samples 2021 ->/Sample Packs/Origin Sound - Soul Soundscapes (2025)/loops/electric_bass_guitar_loops/OS_SS_128_electric_bass_guitar_western_G#.wav,,Bass Loop,,,,,,,,,,,,,Origin Sound - Soul Soundscapes (2025),loops,Origin Sound - Soul Soundscapes (2025)||loops||os ss 128 electric bass guitar western g#,20260911T104352,bass_family
43,Unknown,/Volumes/Jack_Gandy_1TB_SSD/Samples 2021 ->/Sample Packs/Test Press Modestep Presents Bass and Breaks Vol 1/loops/bass_loops/TSP_MODESTEP_V1_145_bass_gunner_alt_Dmin.wav,,Bass Loop,,,,,,,,,,,,,Test Press Modestep Presents Bass and Breaks Vol 1,loops,Test Press Modestep Presents Bass and Breaks Vol 1||loops||tsp modestep v1 145 bass gunner alt,20260911T104352,bass_family
44,808,/Volumes/Jack_Gandy_1TB_SSD/Samples 2021 ->/Sample Packs/SIIK Sounds - Eclipse (Full Pack)/SIIK Sounds Eclipse (WAV Samples)/Synth Shots/Bass Shots/ECLIPSE Bass Shot 20 F.wav,,,,,,,,,,,,,,,SIIK Sounds - Eclipse (Full Pack),SIIK Sounds Eclipse (WAV Samples),SIIK Sounds - Eclipse (Full Pack)||SIIK Sounds Eclipse (WAV Samples)||eclipse bass shot 20 f,20260911T104352,bass_family
45,Unknown,/Volumes/Jack_Gandy_1TB_SSD/Samples 2021 ->/Sample Packs/Origin Sound - Vintage Vibes 3 (2025)/loops/electric_bass_guitar_loops/OS_VV3_130_electric_bass_guitar_iris_Am.wav,,Bass Loop,,,,,,,,,,,,,Origin Sound - Vintage Vibes 3 (2025),loops,Origin Sound - Vintage Vibes 3 (2025)||loops||os vv3 130 electric bass guitar iris am,20260911T104352,bass_family
46,Reese Bass,/Volumes/Jack_Gandy_1TB_SSD/Samples 2021 ->/2024/Reese Bass (F)/Freeze 13-808_sqsaw [2024-12-21 160311]-2.wav,,,,,,,,,,,,,,,personal:2024,personal:2024/Reese Bass (F),personal:2024||personal:2024/Reese Bass (F)||freeze 13 808 sqsaw,20260911T104352,bass_family
47,Unknown,/Volumes/Jack_Gandy_1TB_SSD/Samples 2021 ->/Sample Packs/Origin Sound - Adore - RNB Soul (2025)/loops/electric_bass_guitar_loops/OS_AD_95_electric_bass_guitar_galaxy_one_Cm.wav,,Bass Loop,,,,,,,,,,,,,Origin Sound - Adore - RNB Soul (2025),loops,Origin Sound - Adore - RNB Soul (2025)||loops||os ad 95 electric bass guitar galaxy one cm,20260911T104352,bass_family
48,Unknown,/Volumes/Jack_Gandy_1TB_SSD/Samples 2021 ->/Sample Packs/Loaded Samples - Lo-Fi Memphis 2/DRUMS/Snares/LFM2_Snare 808_REV (3).wav,,Snare,,,,,,,,,,,,,Loaded Samples - Lo-Fi Memphis 2,DRUMS,Loaded Samples - Lo-Fi Memphis 2||DRUMS||lfm2 snare 808 rev,20260911T104352,bass_family
49,Other/none,/Volumes/Jack_Gandy_1TB_SSD/Samples 2021 ->/Sample Packs/Origin Sound - Adore - RNB Soul (2025)/loops/songstarters/OS_AD_95_songstarter_bass_memories_Dm.wav,,,,,,,,mixed/full music,,,,,,,Origin Sound - Adore - RNB Soul (2025),loops,Origin Sound - Adore - RNB Soul (2025)||loops||os ad 95 songstarter bass memories dm,20260911T104352,bass_family
50,Bass Hit,/Volumes/Jack_Gandy_1TB_SSD/Samples 2021 ->/Sample Packs/MGF Mega Pack/Multisamples/MGF Minilogue Vol 1/Traxx Bass/Trax Bass - A3.wav,,,,,,,,,,,,,,,MGF Mega Pack,Multisamples,MGF Mega Pack||Multisamples||trax bass,20260911T104352,bass_family
51,Unknown,/Volumes/Jack_Gandy_1TB_SSD/Samples 2021 ->/Sample Packs/Sounds of KSHMR Vol.3/KSHMR_VIP_Friends_of_KSHMR/MRBLACK/MRBLACK_Bass_D#.wav,,Bass Loop,,,,,,,,,,,,,Sounds of KSHMR Vol.3,KSHMR_VIP_Friends_of_KSHMR,Sounds of KSHMR Vol.3||KSHMR_VIP_Friends_of_KSHMR||mrblack bass d#,20260911T104352,bass_family
52,Bass Hit,/Volumes/Jack_Gandy_1TB_SSD/Samples 2021 ->/Sample Packs/MGF Mega Pack/Multisamples/MGF Eurorack Vol 2/PWM Bass 1/PWM Bass-8 G#0.wav,,,,,,,,,,,,,,,MGF Mega Pack,Multisamples,MGF Mega Pack||Multisamples||pwm bass,20260911T104352,bass_family
53,Reese Bass,/Volumes/Jack_Gandy_1TB_SSD/Samples 2021 ->/2026/Reese_Bass_(F)/Bounce 16-simple reese [2026-05-30 012934]-1.wav,,,,,,,,,,,,,,,personal:2026,personal:2026/Reese_Bass_(F),personal:2026||personal:2026/Reese_Bass_(F)||bounce 16 simple reese,20260911T104352,bass_family
54,Unknown,/Volumes/Jack_Gandy_1TB_SSD/Samples 2021 ->/Sample Packs/MGF Mega Pack/Analogue Collection/Bass/P08_BASS_24 C1.wav,,SFX,,,,,,,,,,,,,MGF Mega Pack,Analogue Collection,MGF Mega Pack||Analogue Collection||p08 bass,20260911T104352,bass_family
55,Reese Bass,/Volumes/Jack_Gandy_1TB_SSD/Samples 2021 ->/2024/Reese Bass (F)/Freeze 2-noise 808 reese [2024-12-22 152717]-2.wav,,,,,,,,,,,,,,,personal:2024,personal:2024/Reese Bass (F),personal:2024||personal:2024/Reese Bass (F)||freeze 2 noise 808 reese,20260911T104352,bass_family
56,Unknown,/Volumes/Jack_Gandy_1TB_SSD/Samples 2021 ->/Sample Packs/Test Press Modestep Presents Bass and Breaks Vol 1/loops/bass_loops/TSP_MODESTEP_V1_140_bass_riddim_alt5_Dmin.wav,,Bass Loop,,,,,,,,,,,,,Test Press Modestep Presents Bass and Breaks Vol 1,loops,Test Press Modestep Presents Bass and Breaks Vol 1||loops||tsp modestep v1 140 bass riddim,20260911T104352,bass_family
57,Unknown,/Volumes/Jack_Gandy_1TB_SSD/Samples 2021 ->/Sample Packs/Loaded Samples - Lo-Fi Memphis 2/DRUMS & PERC LOOPS/808 Clave Loop #6 [65BPM] (F#).wav,,Melodic Loop,,,,,,,,,,,,,Loaded Samples - Lo-Fi Memphis 2,DRUMS & PERC LOOPS,Loaded Samples - Lo-Fi Memphis 2||DRUMS & PERC LOOPS||808 clave loop (f#),20260911T104352,bass_family
58,Bass Hit,/Volumes/Jack_Gandy_1TB_SSD/Samples 2021 ->/Sample Packs/Sounds of KSHMR Vol.3/KSHMR_VIP_Friends_of_KSHMR/CROSSNADERS/CROSSNADERS_Bass_Shot_Damn_1_E.wav,,,,,,,,,,,,,,,Sounds of KSHMR Vol.3,KSHMR_VIP_Friends_of_KSHMR,Sounds of KSHMR Vol.3||KSHMR_VIP_Friends_of_KSHMR||crossnaders bass shot damn 1 e,20260911T104352,bass_family
59,Synth Bass Sustained,/Volumes/Jack_Gandy_1TB_SSD/Samples 2021 ->/Sample Packs/Test Press Modestep Presents Bass and Breaks Vol 1/loops/bass_loops/TSP_MODESTEP_V1_140_bass_sustain_moon_D#.wav,,,,,,,,,,,,,,,Test Press Modestep Presents Bass and Breaks Vol 1,loops,Test Press Modestep Presents Bass and Breaks Vol 1||loops||tsp modestep v1 140 bass sustain moon d#,20260911T104352,bass_family
1,Impact,"/Volumes/Jack_Gandy_1TB_SSD/Samples 2021 ->/Sample Packs/Soundbox - Impacts, Risers & Drops 7 (2021)/SB_IR&D_7_128_IMPACTS/SB_IR&D_7_128_IMPACT_091.wav",,,,,,,,,,,,,,,"Soundbox - Impacts, Risers & Drops 7 (2021)",SB_IR&D_7_128_IMPACTS,"Soundbox - Impacts, Risers & Drops 7 (2021)||SB_IR&D_7_128_IMPACTS||sb ir&d 7 128 impact",20260911T105134,foley_sfx_impact
2,SFX,/Volumes/Jack_Gandy_1TB_SSD/Samples 2021 ->/Sample Packs/MGF Mega Pack/Retro Digital Collection/Singles/DX21 JUL17_SFX_MISC_17 C5.wav,,,,,,,,,,,,,,,MGF Mega Pack,Retro Digital Collection,MGF Mega Pack||Retro Digital Collection||dx21 jul17 sfx misc,20260911T105134,foley_sfx_impact
3,Riser,"/Volumes/Jack_Gandy_1TB_SSD/Samples 2021 ->/Sample Packs/Soundbox - Impacts, Risers & Drops 7 (2021)/SB_IR&D_7_120_RISERS/SB_IR&D_7_120_RISER_014.wav",,,,,,,,,,,,,,,"Soundbox - Impacts, Risers & Drops 7 (2021)",SB_IR&D_7_120_RISERS,"Soundbox - Impacts, Risers & Drops 7 (2021)||SB_IR&D_7_120_RISERS||sb ir&d 7 120 riser",20260911T105134,foley_sfx_impact
5,Impact,/Volumes/Jack_Gandy_1TB_SSD/Samples 2021 ->/Sample Packs/Soundbox - Maximum FX (2019)/SB_MFX_140_LOOPS/SB_MFX_140_IMPACTS/SB_MFX_140_IMPACT_094.wav,,,,,,,,,,,,,,,Soundbox - Maximum FX (2019),SB_MFX_140_LOOPS,Soundbox - Maximum FX (2019)||SB_MFX_140_LOOPS||sb mfx 140 impact,20260911T105134,foley_sfx_impact
6,SFX,/Volumes/Jack_Gandy_1TB_SSD/Samples 2021 ->/Sample Packs/Black Octopus Sound - Pure Analog Sweeps IV (2021)/A/Diamaudix_Audio_PAS_IV_Sweep_FX_A_14.wav,,,,,,,,,,,,,,,Black Octopus Sound - Pure Analog Sweeps IV (2021),A,Black Octopus Sound - Pure Analog Sweeps IV (2021)||A||diamaudix audio pas iv sweep fx a,20260911T105134,foley_sfx_impact
7,Riser,"/Volumes/Jack_Gandy_1TB_SSD/Samples 2021 ->/Sample Packs/Soundbox - Impacts, Risers & Drops 7 (2021)/SB_IR&D_7_124_RISERS/SB_IR&D_7_124_RISER_094.wav",,,,,,,,,,,,,,,"Soundbox - Impacts, Risers & Drops 7 (2021)",SB_IR&D_7_124_RISERS,"Soundbox - Impacts, Risers & Drops 7 (2021)||SB_IR&D_7_124_RISERS||sb ir&d 7 124 riser",20260911T105134,foley_sfx_impact
8,Riser,"/Volumes/Jack_Gandy_1TB_SSD/Samples 2021 ->/Sample Packs/Soundbox - Impacts, Risers & Drops 7 (2021)/SB_IR&D_7_124_RISERS/SB_IR&D_7_124_RISER_059.wav",,,,,,,,,,,,,,,"Soundbox - Impacts, Risers & Drops 7 (2021)",SB_IR&D_7_124_RISERS,"Soundbox - Impacts, Risers & Drops 7 (2021)||SB_IR&D_7_124_RISERS||sb ir&d 7 124 riser",20260911T105134,foley_sfx_impact
9,Impact,"/Volumes/Jack_Gandy_1TB_SSD/Samples 2021 ->/Sample Packs/Soundbox - Impacts, Risers & Drops 7 (2021)/SB_IR&D_7_124_IMPACTS/SB_IR&D_7_124_IMPACT_068.wav",,,,,,,,,,,,,,,"Soundbox - Impacts, Risers & Drops 7 (2021)",SB_IR&D_7_124_IMPACTS,"Soundbox - Impacts, Risers & Drops 7 (2021)||SB_IR&D_7_124_IMPACTS||sb ir&d 7 124 impact",20260911T105134,foley_sfx_impact
10,Foley,/Volumes/Jack_Gandy_1TB_SSD/Samples 2021 ->/2022/Foley/CATAWAKE SAMPLE PACK 1.0/Sustained/Nature/Indoor/Dry Textures/CTWK_sustained_nature_indoor_drytexture_pinecone_1.wav,,,,,,,,,,,,,,,personal:2022,personal:2022/Foley,personal:2022||personal:2022/Foley||ctwk sustained nature indoor drytexture pinecone,20260911T105134,foley_sfx_impact
11,Foley,/Volumes/Jack_Gandy_1TB_SSD/Samples 2021 ->/Sample Packs/Virtual Riot/Studio Time S2 EP2 - Drums And More Episode Files/ENDING SONG PROJECT FILE/freezes (for ableton to find if missing samples message appears)/Freeze 15-VR_ST_Foley_glassNote [2023-01-16 210802].wav,,,,,,,,,,,,,,,Virtual Riot,Studio Time S2 EP2 - Drums And More Episode Files,Virtual Riot||Studio Time S2 EP2 - Drums And More Episode Files||freeze 15 vr st foley glassnote,20260911T105134,foley_sfx_impact
12,Riser,"/Volumes/Jack_Gandy_1TB_SSD/Samples 2021 ->/Sample Packs/Soundbox - Impacts, Risers & Drops 7 (2021)/SB_IR&D_7_120_RISERS/SB_IR&D_7_120_RISER_035.wav",,,,,,,,,,,,,,,"Soundbox - Impacts, Risers & Drops 7 (2021)",SB_IR&D_7_120_RISERS,"Soundbox - Impacts, Risers & Drops 7 (2021)||SB_IR&D_7_120_RISERS||sb ir&d 7 120 riser",20260911T105134,foley_sfx_impact
13,Atmosphere,/Volumes/Jack_Gandy_1TB_SSD/Samples 2021 ->/Sample Packs/MGF Mega Pack/Misc + Found Sound/Cassette Noise/MGF_CNOISE_ATMOS_21.wav,,,,,,,,,,,,,,,MGF Mega Pack,Misc + Found Sound,MGF Mega Pack||Misc + Found Sound||mgf cnoise atmos,20260911T105134,foley_sfx_impact
14,Foley,/Volumes/Jack_Gandy_1TB_SSD/Samples 2021 ->/2024/Vocoded Kitchen Foley/KF 9-foley_hit_crunch2.wav,,,,,,,,,,,,,,,personal:2024,personal:2024/Vocoded Kitchen Foley,personal:2024||personal:2024/Vocoded Kitchen Foley||kf 9 foley hit crunch2,20260911T105134,foley_sfx_impact
15,Foley,/Volumes/Jack_Gandy_1TB_SSD/Samples 2021 ->/Sample Packs/Virtual Riot/Studio Time S2 EP2 - Drums And More Episode Files/Raw Kitchen Foley Recordings/VR_ST_Foley_hitThump8.wav,,,,,,,,,,,,,,,Virtual Riot,Studio Time S2 EP2 - Drums And More Episode Files,Virtual Riot||Studio Time S2 EP2 - Drums And More Episode Files||vr st foley hitthump8,20260911T105134,foley_sfx_impact
16,SFX,/Volumes/Jack_Gandy_1TB_SSD/Samples 2021 ->/Sample Packs/MGF Mega Pack/Retro Digital Collection/SFX + Hits/DX21 JUL17_SFX_MISC_22.wav,,,,,,,,,,,,,,,MGF Mega Pack,Retro Digital Collection,MGF Mega Pack||Retro Digital Collection||dx21 jul17 sfx misc,20260911T105134,foley_sfx_impact
17,Atmosphere,/Volumes/Jack_Gandy_1TB_SSD/Samples 2021 ->/Sample Packs/MGF Mega Pack/Misc + Found Sound/Cassette Noise/MGF_CNOISE_ATMOS_18.wav,,,,,,,,,,,,,,,MGF Mega Pack,Misc + Found Sound,MGF Mega Pack||Misc + Found Sound||mgf cnoise atmos,20260911T105134,foley_sfx_impact
18,Impact,"/Volumes/Jack_Gandy_1TB_SSD/Samples 2021 ->/Sample Packs/Soundbox - Impacts, Risers & Drops 7 (2021)/SB_IR&D_7_128_IMPACTS/SB_IR&D_7_128_IMPACT_074.wav",,,,,,,,,,,,,,,"Soundbox - Impacts, Risers & Drops 7 (2021)",SB_IR&D_7_128_IMPACTS,"Soundbox - Impacts, Risers & Drops 7 (2021)||SB_IR&D_7_128_IMPACTS||sb ir&d 7 128 impact",20260911T105134,foley_sfx_impact
19,Foley,/Volumes/Jack_Gandy_1TB_SSD/Samples 2021 ->/Sample Packs/Old Movies 1 - Vintage Collection (Drum Kit)/Foley & Percussion (Old Movies)/Foley Noise 4.wav,,,,,,,,,,,,,,,Old Movies 1 - Vintage Collection (Drum Kit),Foley & Percussion (Old Movies),Old Movies 1 - Vintage Collection (Drum Kit)||Foley & Percussion (Old Movies)||foley noise,20260911T105134,foley_sfx_impact
20,Impact,/Volumes/Jack_Gandy_1TB_SSD/Samples 2021 ->/Sample Packs/Soundbox - Maximum FX (2019)/SB_MFX_140_LOOPS/SB_MFX_140_IMPACTS/SB_MFX_140_IMPACT_053.wav,,,,,,,,,,,,,,,Soundbox - Maximum FX (2019),SB_MFX_140_LOOPS,Soundbox - Maximum FX (2019)||SB_MFX_140_LOOPS||sb mfx 140 impact,20260911T105134,foley_sfx_impact
21,Impact,/Volumes/Jack_Gandy_1TB_SSD/Samples 2021 ->/Sample Packs/Soundbox - Maximum FX (2019)/SB_MFX_124_LOOPS/SB_MFX_124_IMPACTS/SB_MFX_124_IMPACT_082.wav,,,,,,,,,,,,,,,Soundbox - Maximum FX (2019),SB_MFX_124_LOOPS,Soundbox - Maximum FX (2019)||SB_MFX_124_LOOPS||sb mfx 124 impact,20260911T105134,foley_sfx_impact
22,Foley,/Volumes/Jack_Gandy_1TB_SSD/Samples 2021 ->/Sample Packs/Foley 2023/KNOIR FOLEY PACK 2023 (1A)/KNOIR_patreon_foley_GLASS63.wav,,,,,,,,,,,,,,,Foley 2023,KNOIR FOLEY PACK 2023 (1A),Foley 2023||KNOIR FOLEY PACK 2023 (1A)||knoir patreon foley glass63,20260911T105134,foley_sfx_impact
23,Impact,/Volumes/Jack_Gandy_1TB_SSD/Samples 2021 ->/Sample Packs/Soundbox - Maximum FX (2019)/SB_MFX_128_LOOPS/SB_MFX_128_IMPACTS/SB_MFX_128_IMPACT_006.wav,,,,,,,,,,,,,,,Soundbox - Maximum FX (2019),SB_MFX_128_LOOPS,Soundbox - Maximum FX (2019)||SB_MFX_128_LOOPS||sb mfx 128 impact,20260911T105134,foley_sfx_impact
24,SFX,/Volumes/Jack_Gandy_1TB_SSD/Samples 2021 ->/Sample Packs/Sounds of KSHMR Vol.3/KSHMR_Live_Instruments/KSHMR_Main_Instruments/KSHMR_Violin/KSHMR_Violin_FX_04_Scary_C.wav,,,,,,,,,,,,,,,Sounds of KSHMR Vol.3,KSHMR_Live_Instruments,Sounds of KSHMR Vol.3||KSHMR_Live_Instruments||kshmr violin fx 04 scary c,20260911T105134,foley_sfx_impact
25,Foley,/Volumes/Jack_Gandy_1TB_SSD/Samples 2021 ->/Sample Packs/Foley 2023/KNOIR FOLEY PACK 2023 (1B)/KNOIR_patreon_foley_longdong1.wav,,,,,,,,,,,,,,,Foley 2023,KNOIR FOLEY PACK 2023 (1B),Foley 2023||KNOIR FOLEY PACK 2023 (1B)||knoir patreon foley longdong1,20260911T105134,foley_sfx_impact
26,SFX,/Volumes/Jack_Gandy_1TB_SSD/Samples 2021 ->/Sound For Games/SampleScience_Modern_Scifi_Sfx_Sample_Pack/Sfx 20.wav,,,,,,,,,,,,,,,personal:Sound For Games,personal:Sound For Games/SampleScience_Modern_Scifi_Sfx_Sample_Pack,personal:Sound For Games||personal:Sound For Games/SampleScience_Modern_Scifi_Sfx_Sample_Pack||sfx,20260911T105134,foley_sfx_impact
27,SFX,/Volumes/Jack_Gandy_1TB_SSD/Samples 2021 ->/Sample Packs/MGF Mega Pack/Retro Digital Collection/Chords - Pads/JV Chords+SFX_081.wav,,,,,,,,,,,,,,,MGF Mega Pack,Retro Digital Collection,MGF Mega Pack||Retro Digital Collection||jv chords+sfx,20260911T105134,foley_sfx_impact
28,Riser,"/Volumes/Jack_Gandy_1TB_SSD/Samples 2021 ->/Sample Packs/Soundbox - Impacts, Risers & Drops 7 (2021)/SB_IR&D_7_120_RISERS/SB_IR&D_7_120_RISER_002.wav",,,,,,,,,,,,,,,"Soundbox - Impacts, Risers & Drops 7 (2021)",SB_IR&D_7_120_RISERS,"Soundbox - Impacts, Risers & Drops 7 (2021)||SB_IR&D_7_120_RISERS||sb ir&d 7 120 riser",20260911T105134,foley_sfx_impact
29,Foley,/Volumes/Jack_Gandy_1TB_SSD/Samples 2021 ->/Sample Packs/Virtual Riot/Studio Time S2 EP2 - Drums And More Episode Files/Raw Kitchen Foley Recordings/VR_ST_Foley_spiceShaker6.wav,,,,,,,,,,,,,,,Virtual Riot,Studio Time S2 EP2 - Drums And More Episode Files,Virtual Riot||Studio Time S2 EP2 - Drums And More Episode Files||vr st foley spiceshaker6,20260911T105134,foley_sfx_impact
30,Impact,/Volumes/Jack_Gandy_1TB_SSD/Samples 2021 ->/Sample Packs/Soundbox - Maximum FX (2019)/SB_MFX_124_LOOPS/SB_MFX_124_IMPACTS/SB_MFX_124_IMPACT_075.wav,,,,,,,,,,,,,,,Soundbox - Maximum FX (2019),SB_MFX_124_LOOPS,Soundbox - Maximum FX (2019)||SB_MFX_124_LOOPS||sb mfx 124 impact,20260911T105134,foley_sfx_impact
31,Foley,/Volumes/Jack_Gandy_1TB_SSD/Samples 2021 ->/Sample Packs/Virtual Riot/Studio Time S2 EP2 - Drums And More Episode Files/Raw Kitchen Foley Recordings/VR_ST_Foley_shaker4.wav,,,,,,,,,,,,,,,Virtual Riot,Studio Time S2 EP2 - Drums And More Episode Files,Virtual Riot||Studio Time S2 EP2 - Drums And More Episode Files||vr st foley shaker4,20260911T105134,foley_sfx_impact
32,Foley,/Volumes/Jack_Gandy_1TB_SSD/Samples 2021 ->/Sample Packs/Virtual Riot/Studio Time S2 EP2 - Drums And More Episode Files/Raw Kitchen Foley Recordings/VR_ST_Foley_bagTap3.wav,,,,,,,,,,,,,,,Virtual Riot,Studio Time S2 EP2 - Drums And More Episode Files,Virtual Riot||Studio Time S2 EP2 - Drums And More Episode Files||vr st foley bagtap3,20260911T105134,foley_sfx_impact
33,SFX,/Volumes/Jack_Gandy_1TB_SSD/Samples 2021 ->/Sample Packs/MGF Mega Pack/Retro Digital Collection/Chords - Stab + Short/JV Chords+SFX_079.wav,,,,,,,,,,,,,,,MGF Mega Pack,Retro Digital Collection,MGF Mega Pack||Retro Digital Collection||jv chords+sfx,20260911T105134,foley_sfx_impact
35,Impact,/Volumes/Jack_Gandy_1TB_SSD/Samples 2021 ->/Sound For Games/SampleScience_Modern_Scifi_Sfx_Sample_Pack/Impact 30.wav,,,,,,,,,,,,,,,personal:Sound For Games,personal:Sound For Games/SampleScience_Modern_Scifi_Sfx_Sample_Pack,personal:Sound For Games||personal:Sound For Games/SampleScience_Modern_Scifi_Sfx_Sample_Pack||impact,20260911T105134,foley_sfx_impact
36,Foley,/Volumes/Jack_Gandy_1TB_SSD/Samples 2021 ->/Sample Packs/Virtual Riot/Studio Time S2 EP2 - Drums And More Episode Files/Raw Kitchen Foley Recordings/VR_ST_Foley_spiceShaker4.wav,,,,,,,,,,,,,,,Virtual Riot,Studio Time S2 EP2 - Drums And More Episode Files,Virtual Riot||Studio Time S2 EP2 - Drums And More Episode Files||vr st foley spiceshaker4,20260911T105134,foley_sfx_impact
37,Foley,/Volumes/Jack_Gandy_1TB_SSD/Samples 2021 ->/Sample Packs/Foley 2023/KNOIR FOLEY PACK 2023 (1A)/KNOIR_patreon_foley_bottleding7.wav,,,,,,,,,,,,,,,Foley 2023,KNOIR FOLEY PACK 2023 (1A),Foley 2023||KNOIR FOLEY PACK 2023 (1A)||knoir patreon foley bottleding7,20260911T105134,foley_sfx_impact
38,Foley,/Volumes/Jack_Gandy_1TB_SSD/Samples 2021 ->/2024/Vocoded Kitchen Foley/KF 98-foley_hit_snarelayer2.wav,,,,,,,,,,,,,,,personal:2024,personal:2024/Vocoded Kitchen Foley,personal:2024||personal:2024/Vocoded Kitchen Foley||kf 98 foley hit snarelayer2,20260911T105134,foley_sfx_impact
39,Impact,/Volumes/Jack_Gandy_1TB_SSD/Samples 2021 ->/Sample Packs/Soundbox - Maximum FX (2019)/SB_MFX_124_LOOPS/SB_MFX_124_IMPACTS/SB_MFX_124_IMPACT_015.wav,,,,,,,,,,,,,,,Soundbox - Maximum FX (2019),SB_MFX_124_LOOPS,Soundbox - Maximum FX (2019)||SB_MFX_124_LOOPS||sb mfx 124 impact,20260911T105134,foley_sfx_impact
40,Impact,/Volumes/Jack_Gandy_1TB_SSD/Samples 2021 ->/Sample Packs/Sounds of KSHMR Vol.3/KSHMR_Drums/KSHMR_Claps/KSHMR_Clap_FX/KSHMR_Clap_FX_14_Sub_Clap.wav,,,,,,,,,,,,,,,Sounds of KSHMR Vol.3,KSHMR_Drums,Sounds of KSHMR Vol.3||KSHMR_Drums||kshmr clap fx 14 sub clap,20260911T105134,foley_sfx_impact
41,Foley,/Volumes/Jack_Gandy_1TB_SSD/Samples 2021 ->/2024/Vocoded Kitchen Foley/KF 107-foley_hit_thump_kick7.wav,,,,,,,,,,,,,,,personal:2024,personal:2024/Vocoded Kitchen Foley,personal:2024||personal:2024/Vocoded Kitchen Foley||kf 107 foley hit thump kick7,20260911T105134,foley_sfx_impact
42,Foley,/Volumes/Jack_Gandy_1TB_SSD/Samples 2021 ->/Sample Packs/Virtual Riot/Studio Time S2 EP2 - Drums And More Episode Files/Raw Kitchen Foley Recordings/VR_ST_Foley_dishesHit3.wav,,,,,,,,,,,,,,,Virtual Riot,Studio Time S2 EP2 - Drums And More Episode Files,Virtual Riot||Studio Time S2 EP2 - Drums And More Episode Files||vr st foley disheshit3,20260911T105134,foley_sfx_impact
43,Impact,/Volumes/Jack_Gandy_1TB_SSD/Samples 2021 ->/Sample Packs/Soundbox - Maximum FX (2019)/SB_MFX_128_LOOPS/SB_MFX_128_IMPACTS/SB_MFX_128_IMPACT_030.wav,,,,,,,,,,,,,,,Soundbox - Maximum FX (2019),SB_MFX_128_LOOPS,Soundbox - Maximum FX (2019)||SB_MFX_128_LOOPS||sb mfx 128 impact,20260911T105134,foley_sfx_impact
44,Foley,/Volumes/Jack_Gandy_1TB_SSD/Samples 2021 ->/Sample Packs/Foley 2023/KNOIR FOLEY PACK 2023 (1A)/KNOIR_patreon_foley_door4.wav,,,,,,,,,,,,,,,Foley 2023,KNOIR FOLEY PACK 2023 (1A),Foley 2023||KNOIR FOLEY PACK 2023 (1A)||knoir patreon foley door4,20260911T105134,foley_sfx_impact
45,Foley,/Volumes/Jack_Gandy_1TB_SSD/Samples 2021 ->/Sample Packs/Virtual Riot/Studio Time S2 EP2 - Drums And More Episode Files/Raw Kitchen Foley Recordings/VR_ST_Foley_hollowPlonk4.wav,,,,,,,,,,,,,,,Virtual Riot,Studio Time S2 EP2 - Drums And More Episode Files,Virtual Riot||Studio Time S2 EP2 - Drums And More Episode Files||vr st foley hollowplonk4,20260911T105134,foley_sfx_impact
46,Foley,/Volumes/Jack_Gandy_1TB_SSD/Samples 2021 ->/Sample Packs/Virtual Riot/Studio Time S2 EP2 - Drums And More Episode Files/Raw Kitchen Foley Recordings/VR_ST_Foley_dishesRustle3.wav,,,,,,,,,,,,,,,Virtual Riot,Studio Time S2 EP2 - Drums And More Episode Files,Virtual Riot||Studio Time S2 EP2 - Drums And More Episode Files||vr st foley dishesrustle3,20260911T105134,foley_sfx_impact
47,Impact,"/Volumes/Jack_Gandy_1TB_SSD/Samples 2021 ->/Sample Packs/Soundbox - Impacts, Risers & Drops 7 (2021)/SB_IR&D_7_128_IMPACTS/SB_IR&D_7_128_IMPACT_038.wav",,,,,,,,,,,,,,,"Soundbox - Impacts, Risers & Drops 7 (2021)",SB_IR&D_7_128_IMPACTS,"Soundbox - Impacts, Risers & Drops 7 (2021)||SB_IR&D_7_128_IMPACTS||sb ir&d 7 128 impact",20260911T105134,foley_sfx_impact
48,Impact,/Volumes/Jack_Gandy_1TB_SSD/Samples 2021 ->/Sample Packs/Mike Shinoda Drums/MS BEATS/Recharged Samples/Impact JumpRope.wav,,,,,,,,,,,,,,,Mike Shinoda Drums,MS BEATS,Mike Shinoda Drums||MS BEATS||impact jumprope,20260911T105134,foley_sfx_impact
49,SFX,/Volumes/Jack_Gandy_1TB_SSD/Samples 2021 ->/Sample Packs/MGF Mega Pack/Analogue Collection/SFX/S37 NOV18_SFX_037.wav,,,,,,,,,,,,,,,MGF Mega Pack,Analogue Collection,MGF Mega Pack||Analogue Collection||s37 nov18 sfx,20260911T105134,foley_sfx_impact
50,Impact,/Volumes/Jack_Gandy_1TB_SSD/Samples 2021 ->/Sample Packs/SIIK Sounds - Eclipse (Full Pack)/SIIK Sounds Eclipse (WAV Samples)/FX/Impacts/ECLIPSE Impact 03.wav,,,,,,,,,,,,,,,SIIK Sounds - Eclipse (Full Pack),SIIK Sounds Eclipse (WAV Samples),SIIK Sounds - Eclipse (Full Pack)||SIIK Sounds Eclipse (WAV Samples)||eclipse impact,20260911T105134,foley_sfx_impact
51,Impact,/Volumes/Jack_Gandy_1TB_SSD/Samples 2021 ->/Sample Packs/Soundbox - Maximum FX (2019)/SB_MFX_140_LOOPS/SB_MFX_140_IMPACTS/SB_MFX_140_IMPACT_065.wav,,,,,,,,,,,,,,,Soundbox - Maximum FX (2019),SB_MFX_140_LOOPS,Soundbox - Maximum FX (2019)||SB_MFX_140_LOOPS||sb mfx 140 impact,20260911T105134,foley_sfx_impact
52,SFX,/Volumes/Jack_Gandy_1TB_SSD/Samples 2021 ->/Sample Packs/MGF Mega Pack/Analogue Collection/Perc/S37 NOV18_SFX_128.wav,,,,,,,,,,,,,,,MGF Mega Pack,Analogue Collection,MGF Mega Pack||Analogue Collection||s37 nov18 sfx,20260911T105134,foley_sfx_impact
54,Foley,"/Volumes/Jack_Gandy_1TB_SSD/Samples 2021 ->/Impluse Responce/Samplicity M7 Main - 02 - Wave, 32 bit, 48 Khz, v1.1/M7 - 5 Ambiences 06 Small & Dark/5 Ambiences 06 Small & Dark  M-to-S.wav",,,,,,,,,,,,,,,personal:Impluse Responce,"personal:Impluse Responce/Samplicity M7 Main - 02 - Wave, 32 bit, 48 Khz, v1.1","personal:Impluse Responce||personal:Impluse Responce/Samplicity M7 Main - 02 - Wave, 32 bit, 48 Khz, v1.1||5 ambiences 06 small & dark m to s",20260911T105134,foley_sfx_impact
55,Foley,/Volumes/Jack_Gandy_1TB_SSD/Samples 2021 ->/Sample Packs/Old Movies 1 - Vintage Collection (Drum Kit)/Foley & Percussion (Old Movies)/HHH_Foley 9.wav,,,,,,,,,,,,,,,Old Movies 1 - Vintage Collection (Drum Kit),Foley & Percussion (Old Movies),Old Movies 1 - Vintage Collection (Drum Kit)||Foley & Percussion (Old Movies)||hhh foley,20260911T105134,foley_sfx_impact
56,Foley,/Volumes/Jack_Gandy_1TB_SSD/Samples 2021 ->/Sample Packs/Foley 2023/KNOIR FOLEY PACK 2023 (1A)/KNOIR_patreon_foley_bottledingtwice.wav,,,,,,,,,,,,,,,Foley 2023,KNOIR FOLEY PACK 2023 (1A),Foley 2023||KNOIR FOLEY PACK 2023 (1A)||knoir patreon foley bottledingtwice,20260911T105134,foley_sfx_impact
57,Foley,/Volumes/Jack_Gandy_1TB_SSD/Samples 2021 ->/Sample Packs/Foley 2023/KNOIR FOLEY PACK 2023 (1A)/KNOIR_patreon_foley_GLASS50.wav,,,,,,,,,,,,,,,Foley 2023,KNOIR FOLEY PACK 2023 (1A),Foley 2023||KNOIR FOLEY PACK 2023 (1A)||knoir patreon foley glass50,20260911T105134,foley_sfx_impact
58,Impact,/Volumes/Jack_Gandy_1TB_SSD/Samples 2021 ->/Sample Packs/Analog Percussion Vol.3 by Donit/Drumbrute Impact FM Drum - Very Long 38.wav,,,,,,,,,,,,,,,Analog Percussion Vol.3 by Donit,Analog Percussion Vol.3 by Donit,Analog Percussion Vol.3 by Donit||Analog Percussion Vol.3 by Donit||drumbrute impact fm drum very long,20260911T105134,foley_sfx_impact
59,Impact,/Volumes/Jack_Gandy_1TB_SSD/Samples 2021 ->/Sample Packs/Loaded Samples - Lo-Fi Memphis 2/MELODY CHOPS/CHOP_Impact Pt2 #1 (D).wav,,,,,,,,,,,,,,,Loaded Samples - Lo-Fi Memphis 2,MELODY CHOPS,Loaded Samples - Lo-Fi Memphis 2||MELODY CHOPS||chop impact pt2 (d),20260911T105134,foley_sfx_impact
0,Tom,/Volumes/Jack_Gandy_1TB_SSD/Samples 2021 ->/Sample Packs/Sounds of KSHMR Vol.3/KSHMR_Drums/KSHMR_Toms/KSHMR_Tom_Kits/KSHMR_Tom_Kit_10_02_Mid.wav,,,,,,,,,,,,,,,Sounds of KSHMR Vol.3,KSHMR_Drums,Sounds of KSHMR Vol.3||KSHMR_Drums||kshmr tom kit 10 02 mid,20260911T104816,percussion_family
1,Other Percussive Hit,/Volumes/Jack_Gandy_1TB_SSD/Samples 2021 ->/Sample Packs/MGF Mega Pack/Analogue Collection/Perc/MS20_OCT20_PERC_15.wav,,,,,,,,,,,,,,,MGF Mega Pack,Analogue Collection,MGF Mega Pack||Analogue Collection||ms20 oct20 perc,20260911T104816,percussion_family
2,Unknown,/Volumes/Jack_Gandy_1TB_SSD/Samples 2021 ->/Sample Packs/IMANU/es tu reel stems/etr_00_11 chord pitchbend experiments_3_drop chords.wav,,No Audio,,,,,,,,,,,,,IMANU,es tu reel stems,IMANU||es tu reel stems||etr 00 11 chord pitchbend experiments 3 drop chords,20260911T104816,percussion_family
3,Shaker/Tambourine,/Volumes/Jack_Gandy_1TB_SSD/Samples 2021 ->/Sample Packs/Mike Shinoda Drums/MS BEATS/Recharged Samples/Shaker BeautifulDirt 1.wav,,,,,,,,,,,,,,,Mike Shinoda Drums,MS BEATS,Mike Shinoda Drums||MS BEATS||shaker beautifuldirt,20260911T104816,percussion_family
4,Rimshot,/Volumes/Jack_Gandy_1TB_SSD/Samples 2021 ->/2021/Resamples/2021/Percussion/rim01.wav,,,,,,,,,,,,,,,personal:2021,personal:2021/Resamples,personal:2021||personal:2021/Resamples||rim01,20260911T104816,percussion_family
5,Other Percussive Hit,/Volumes/Jack_Gandy_1TB_SSD/Samples 2021 ->/Sample Packs/Organic Drum Kit/5 Percussion/1 Hand Drums/1 Conga Drum/Conga Drum B/Organic - Conga (1).wav,,,,,,,,,,,,,,,Organic Drum Kit,5 Percussion,Organic Drum Kit||5 Percussion||organic conga,20260911T104816,percussion_family
6,Other Percussive Hit,/Volumes/Jack_Gandy_1TB_SSD/Samples 2021 ->/Sample Packs/Sounds of KSHMR Vol.3/KSHMR_Drums/KSHMR_Percussion/KSHMR_Percussion_High/KSHMR_Percussion_High_Slap_05_E.wav,,,,,,,,,,,,,,,Sounds of KSHMR Vol.3,KSHMR_Drums,Sounds of KSHMR Vol.3||KSHMR_Drums||kshmr percussion high slap 05 e,20260911T104816,percussion_family
7,Other Percussive Hit,/Volumes/Jack_Gandy_1TB_SSD/Samples 2021 ->/Sample Packs/Organic Drum Kit/Maschine Kits/Imperial Kit Samples/Organic - Conga A (16).wav,,,,,,,,,,,,,,,Organic Drum Kit,Maschine Kits,Organic Drum Kit||Maschine Kits||organic conga a,20260911T104816,percussion_family
8,Percussion Loop,/Volumes/Jack_Gandy_1TB_SSD/Samples 2021 ->/Sample Packs/Minimal Audio/ELEMENT/1 - Drums/1 - Drum Loops/4 - Top Loops/Perc - Time Breaks - 78 BPM.wav,,,,,,,,,,,,,,,Minimal Audio,ELEMENT,Minimal Audio||ELEMENT||perc time breaks,20260911T104816,percussion_family
9,Shaker/Tambourine,/Volumes/Jack_Gandy_1TB_SSD/Samples 2021 ->/Sample Packs/Loaded Samples - Lo-Fi Memphis 2/DRUMS/Perc/LFM2_Shaker (3).wav,,,,,,,,,,,,,,,Loaded Samples - Lo-Fi Memphis 2,DRUMS,Loaded Samples - Lo-Fi Memphis 2||DRUMS||lfm2 shaker,20260911T104816,percussion_family
10,Other Percussive Hit,/Volumes/Jack_Gandy_1TB_SSD/Samples 2021 ->/Sample Packs/MGF Mega Pack/Misc + Found Sound/Button Bash/Percussive/MGF_BB2_PERC_42.wav,,,,,,,,,,,,,,,MGF Mega Pack,Misc + Found Sound,MGF Mega Pack||Misc + Found Sound||mgf bb2 perc,20260911T104816,percussion_family
11,Other Percussive Hit,/Volumes/Jack_Gandy_1TB_SSD/Samples 2021 ->/Sample Packs/Origin Sound - Adore - RNB Soul (2025)/one_shots/percussion/OS_AD_perc_water.wav,,,,,,,,,,,,,,,Origin Sound - Adore - RNB Soul (2025),one_shots,Origin Sound - Adore - RNB Soul (2025)||one_shots||os ad perc water,20260911T104816,percussion_family
12,Shaker/Tambourine,/Volumes/Jack_Gandy_1TB_SSD/Samples 2021 ->/Sample Packs/Sounds of KSHMR Vol.3/KSHMR_Drums/KSHMR_Percussion/KSHMR_Shakers/KSHMR_Shaker_03_A.wav,,,,,,,,,,,,,,,Sounds of KSHMR Vol.3,KSHMR_Drums,Sounds of KSHMR Vol.3||KSHMR_Drums||kshmr shaker 03 a,20260911T104816,percussion_family
13,Rimshot,/Volumes/Jack_Gandy_1TB_SSD/Samples 2021 ->/Sample Packs/Senegal Sessions/One_Shots/Drums/Snares__Rims/SS_SS_rim_goudomp.wav,,,,,,,,,,,,,,,Senegal Sessions,One_Shots,Senegal Sessions||One_Shots||ss ss rim goudomp,20260911T104816,percussion_family
14,Other Percussive Hit,/Volumes/Jack_Gandy_1TB_SSD/Samples 2021 ->/Sample Packs/MGF Mega Pack/Misc + Found Sound/Abstract Hits/MGF_ABS1_PERC_08.wav,,,,,,,,,,,,,,,MGF Mega Pack,Misc + Found Sound,MGF Mega Pack||Misc + Found Sound||mgf abs1 perc,20260911T104816,percussion_family
15,Other/none,/Volumes/Jack_Gandy_1TB_SSD/Samples 2021 ->/Sample Packs/Virtual Riot/Studio Time S2 EP2 - Drums And More Episode Files/Raw Kitchen Foley Recordings/VR_ST_Foley_softShaker2.wav,,,,,,,,other,,,,,,,Virtual Riot,Studio Time S2 EP2 - Drums And More Episode Files,Virtual Riot||Studio Time S2 EP2 - Drums And More Episode Files||vr st foley softshaker2,20260911T104816,percussion_family
16,Rimshot,/Volumes/Jack_Gandy_1TB_SSD/Samples 2021 ->/Sample Packs/Drum Recollection/Essentials Drumkit Vol. 002/Rims/Verbal Rim.wav,,,,,,,,,,,,,,,Drum Recollection,Essentials Drumkit Vol. 002,Drum Recollection||Essentials Drumkit Vol. 002||verbal rim,20260911T104816,percussion_family
17,Other Percussive Hit,/Volumes/Jack_Gandy_1TB_SSD/Samples 2021 ->/Sample Packs/Organic Drum Kit/5 Percussion/1 Hand Drums/2 Bongo Drum/1 Bongo A/Organic - Bongo A (7).wav,,,,,,,,,,,,,,,Organic Drum Kit,5 Percussion,Organic Drum Kit||5 Percussion||organic bongo a,20260911T104816,percussion_family
18,Other Percussive Hit,/Volumes/Jack_Gandy_1TB_SSD/Samples 2021 ->/Sample Packs/Organic Drum Kit/Maschine Kits/Earthquake Kit Samples/Organic - Conga (23).wav,,,,,,,,,,,,,,,Organic Drum Kit,Maschine Kits,Organic Drum Kit||Maschine Kits||organic conga,20260911T104816,percussion_family
19,Tom,/Volumes/Jack_Gandy_1TB_SSD/Samples 2021 ->/Sample Packs/Organic Drum Kit/6 Cymbals & Toms/2 Toms/Organic - Tom_C (5).wav,,,,,,,,,,,,,,,Organic Drum Kit,6 Cymbals & Toms,Organic Drum Kit||6 Cymbals & Toms||organic tom c,20260911T104816,percussion_family
20,Percussion Loop,/Volumes/Jack_Gandy_1TB_SSD/Samples 2021 ->/Sample Packs/Production Music Live - Acoustic - Melodic House 4/Tonal Percussion Loops/PMLxOT4_SOL_Tonal_Percussion_Loop_009_122BPM_Amin.wav,,,,,,,,,,,,,,,Production Music Live - Acoustic - Melodic House 4,Tonal Percussion Loops,Production Music Live - Acoustic - Melodic House 4||Tonal Percussion Loops||pmlxot4 sol tonal percussion loop,20260911T104816,percussion_family
21,Other Percussive Hit,/Volumes/Jack_Gandy_1TB_SSD/Samples 2021 ->/Sample Packs/MGF Mega Pack/Misc + Found Sound/Chromaphone/Percussion/MGF_PHYS1_PERC_31.wav,,,,,,,,,,,,,,,MGF Mega Pack,Misc + Found Sound,MGF Mega Pack||Misc + Found Sound||mgf phys1 perc,20260911T104816,percussion_family
22,Top Loop,/Volumes/Jack_Gandy_1TB_SSD/Samples 2021 ->/Sample Packs/Production Music Live - Acoustic - Melodic House 4/Tonal Percussion Loops/PMLxOT4_LAR_Tonal_Percussion_Loop_015_123BPM.wav,,,,,,,,,,,,,,,Production Music Live - Acoustic - Melodic House 4,Tonal Percussion Loops,Production Music Live - Acoustic - Melodic House 4||Tonal Percussion Loops||pmlxot4 lar tonal percussion loop,20260911T104816,percussion_family
23,Other Percussive Hit,/Volumes/Jack_Gandy_1TB_SSD/Samples 2021 ->/Sample Packs/Organic Drum Kit/Maschine Kits/New Age Kit 2 Samples/Organic - Various Perc (22).wav,,,,,,,,,,,,,,,Organic Drum Kit,Maschine Kits,Organic Drum Kit||Maschine Kits||organic various perc,20260911T104816,percussion_family
24,Percussion Loop,/Volumes/Jack_Gandy_1TB_SSD/Samples 2021 ->/Sample Packs/Sounds of KSHMR Vol.3/KSHMR_World_Sounds/KSHMR_India/KSHMR_India_PL_Sitar_and_Percussion_Loop_80_C#.wav,,,,,,,,,,,,,,,Sounds of KSHMR Vol.3,KSHMR_World_Sounds,Sounds of KSHMR Vol.3||KSHMR_World_Sounds||kshmr india pl sitar and percussion loop 80 c#,20260911T104816,percussion_family
25,Other Percussive Hit,/Volumes/Jack_Gandy_1TB_SSD/Samples 2021 ->/Sample Packs/Origin Sound - Adore - RNB Soul (2025)/one_shots/percussion/OS_AD_perc_hand_roll.wav,,,,,,,,,,,,,,,Origin Sound - Adore - RNB Soul (2025),one_shots,Origin Sound - Adore - RNB Soul (2025)||one_shots||os ad perc hand roll,20260911T104816,percussion_family
26,Other Percussive Hit,/Volumes/Jack_Gandy_1TB_SSD/Samples 2021 ->/Sample Packs/Virtual Riot/Studio Time S2 EP2 - Drums And More Episode Files/Raw Kitchen Foley Recordings/VR_ST_Foley_spiceShaker5.wav,,,,,,,,,,,,,,,Virtual Riot,Studio Time S2 EP2 - Drums And More Episode Files,Virtual Riot||Studio Time S2 EP2 - Drums And More Episode Files||vr st foley spiceshaker5,20260911T104816,percussion_family
27,Rimshot,/Volumes/Jack_Gandy_1TB_SSD/Samples 2021 ->/Sample Packs/Virtual Riot/Studio Time S2 EP2 - Drums And More Episode Files/Raw Kitchen Foley Recordings/VR_ST_Foley_rimHit3.wav,,,,,,,,,,,,,,,Virtual Riot,Studio Time S2 EP2 - Drums And More Episode Files,Virtual Riot||Studio Time S2 EP2 - Drums And More Episode Files||vr st foley rimhit3,20260911T104816,percussion_family
28,Shaker/Tambourine,/Volumes/Jack_Gandy_1TB_SSD/Samples 2021 ->/Sample Packs/Organic Drum Kit/5 Percussion/5 Shakers/5 Various Shakers/Organic - Shaker_Var (12).wav,,,,,,,,,,,,,,,Organic Drum Kit,5 Percussion,Organic Drum Kit||5 Percussion||organic shaker var,20260911T104816,percussion_family
29,Hand Drum,/Volumes/Jack_Gandy_1TB_SSD/Samples 2021 ->/Sample Packs/Organic Drum Kit/5 Percussion/1 Hand Drums/2 Bongo Drum/1 Bongo A/Organic - Bongo A (21).wav,,,,,,,,,,,,,,,Organic Drum Kit,5 Percussion,Organic Drum Kit||5 Percussion||organic bongo a,20260911T104816,percussion_family
30,Percussion Loop,/Volumes/Jack_Gandy_1TB_SSD/Samples 2021 ->/Sample Packs/Production Music Live - Acoustic - Melodic House 4/Tonal Percussion Loops/PMLxOT4_TE_Tonal_Percussion_Loop_022_124BPM_Cmin.wav,,,,,,,,,,,,,,,Production Music Live - Acoustic - Melodic House 4,Tonal Percussion Loops,Production Music Live - Acoustic - Melodic House 4||Tonal Percussion Loops||pmlxot4 te tonal percussion loop,20260911T104816,percussion_family
31,Percussion Loop,/Volumes/Jack_Gandy_1TB_SSD/Samples 2021 ->/Sample Packs/Organic Drum Kit/8 Drum Loops/Percussion Loops/Perc LP- 95 BPM (1)A.wav,,,,,,,,,,,,,,,Organic Drum Kit,8 Drum Loops,Organic Drum Kit||8 Drum Loops||perc lp a,20260911T104816,percussion_family
32,Hand Drum,/Volumes/Jack_Gandy_1TB_SSD/Samples 2021 ->/Sample Packs/Organic Drum Kit/5 Percussion/3 Various Percussion/Organic - Various Perc (38).wav,,,,,,,,,,,,,,,Organic Drum Kit,5 Percussion,Organic Drum Kit||5 Percussion||organic various perc,20260911T104816,percussion_family
33,Percussion Loop,/Volumes/Jack_Gandy_1TB_SSD/Samples 2021 ->/Sample Packs/Production Music Live - Acoustic - Melodic House 4/Percussion Loops/PMLxOT4_POL_Percussion_Loop_Muye Toms_001_120BPM.wav,,,,,,,,,,,,,,,Production Music Live - Acoustic - Melodic House 4,Percussion Loops,Production Music Live - Acoustic - Melodic House 4||Percussion Loops||pmlxot4 pol percussion loop muye toms,20260911T104816,percussion_family
34,Tom,/Volumes/Jack_Gandy_1TB_SSD/Samples 2021 ->/Sample Packs/Organic Drum Kit/Maschine Kits/Earthquake Kit Samples/Organic - Tom_B (5).wav,,,,,,,,,,,,,,,Organic Drum Kit,Maschine Kits,Organic Drum Kit||Maschine Kits||organic tom b,20260911T104816,percussion_family
35,Rimshot,/Volumes/Jack_Gandy_1TB_SSD/Samples 2021 ->/Sample Packs/Origin Sound - Vintage Vibes 3 (2025)/one_shots/drum_hits/rims/OS_VV3_rim_august.wav,,,,,,,,,,,,,,,Origin Sound - Vintage Vibes 3 (2025),one_shots,Origin Sound - Vintage Vibes 3 (2025)||one_shots||os vv3 rim august,20260911T104816,percussion_family
36,Shaker/Tambourine,/Volumes/Jack_Gandy_1TB_SSD/Samples 2021 ->/Sample Packs/Organic Drum Kit/5 Percussion/4 Metalic/2 Headless Tambourines/Organic - Tambourine (1).wav,,,,,,,,,,,,,,,Organic Drum Kit,5 Percussion,Organic Drum Kit||5 Percussion||organic tambourine,20260911T104816,percussion_family
37,Other/none,/Volumes/Jack_Gandy_1TB_SSD/Samples 2021 ->/Sample Packs/Sounds of KSHMR Vol.3/KSHMR_Fills/KSHMR_Tom_Fills/KSHMR3_Tom_Fill_11_110_Cinematic.wav,,,,,,,,other,,,,,,,Sounds of KSHMR Vol.3,KSHMR_Fills,Sounds of KSHMR Vol.3||KSHMR_Fills||kshmr3 tom fill 11 110 cinematic,20260911T104816,percussion_family
38,Percussion Loop,/Volumes/Jack_Gandy_1TB_SSD/Samples 2021 ->/Sample Packs/Production Music Live - Acoustic - Melodic House 4/Percussion Loops/PMLxOT4_YU_Percussion_Loop_013_DrunkenCaveman_122BPM.wav,,,,,,,,,,,,,,,Production Music Live - Acoustic - Melodic House 4,Percussion Loops,Production Music Live - Acoustic - Melodic House 4||Percussion Loops||pmlxot4 yu percussion loop 013 drunkencaveman,20260911T104816,percussion_family
39,Drum Loop,/Volumes/Jack_Gandy_1TB_SSD/Samples 2021 ->/Sample Packs/Sounds of KSHMR Vol.3/KSHMR_FX_Elements/KSHMR_Glitches_and_Industrial/KSHMR_Industrial_Grime/KSHMR_Industrial_Grime_11_130_F.wav,,,,,,,,,,,,,,,Sounds of KSHMR Vol.3,KSHMR_FX_Elements,Sounds of KSHMR Vol.3||KSHMR_FX_Elements||kshmr industrial grime 11 130 f,20260911T104816,percussion_family
40,Other Percussive Hit,/Volumes/Jack_Gandy_1TB_SSD/Samples 2021 ->/Sample Packs/MGF Mega Pack/Analogue Collection/Perc/MS20_OCT20_PERC_17.wav,,,,,,,,,,,,,,,MGF Mega Pack,Analogue Collection,MGF Mega Pack||Analogue Collection||ms20 oct20 perc,20260911T104816,percussion_family
41,Other Percussive Hit,/Volumes/Jack_Gandy_1TB_SSD/Samples 2021 ->/Sample Packs/Analog Percussion Vol.3 by Donit/Microfreak Percussion - Long_23.wav,,,,,,,,,,,,,,,Analog Percussion Vol.3 by Donit,Analog Percussion Vol.3 by Donit,Analog Percussion Vol.3 by Donit||Analog Percussion Vol.3 by Donit||microfreak percussion long,20260911T104816,percussion_family
42,Shaker/Tambourine,/Volumes/Jack_Gandy_1TB_SSD/Samples 2021 ->/Sample Packs/Organic Drum Kit/5 Percussion/5 Shakers/5 Various Shakers/Organic - Shaker_Var (46).wav,,,,,,,,,,,,,,,Organic Drum Kit,5 Percussion,Organic Drum Kit||5 Percussion||organic shaker var,20260911T104816,percussion_family
43,Percussion Loop,/Volumes/Jack_Gandy_1TB_SSD/Samples 2021 ->/Sample Packs/Production Music Live - Acoustic - Melodic House 4/Percussion Loops/PMLxOT4_SV_Percussion_Loop_009a_123BPM.wav,,,,,,,,,,,,,,,Production Music Live - Acoustic - Melodic House 4,Percussion Loops,Production Music Live - Acoustic - Melodic House 4||Percussion Loops||pmlxot4 sv percussion loop 009a,20260911T104816,percussion_family
44,Other Percussive Hit,/Volumes/Jack_Gandy_1TB_SSD/Samples 2021 ->/Sample Packs/Drum Recollection/Official Drum Kit Vol. 2/Percs/Macshoboomin Perc.wav,,,,,,,,,,,,,,,Drum Recollection,Official Drum Kit Vol. 2,Drum Recollection||Official Drum Kit Vol. 2||macshoboomin perc,20260911T104816,percussion_family
45,Other Percussive Hit,/Volumes/Jack_Gandy_1TB_SSD/Samples 2021 ->/Sample Packs/Analog Percussion Vol.3 by Donit/Microfreak Percussion - Medium_65.wav,,,,,,,,,,,,,,,Analog Percussion Vol.3 by Donit,Analog Percussion Vol.3 by Donit,Analog Percussion Vol.3 by Donit||Analog Percussion Vol.3 by Donit||microfreak percussion medium,20260911T104816,percussion_family
46,Rimshot,/Volumes/Jack_Gandy_1TB_SSD/Samples 2021 ->/Sample Packs/Drum Recollection/Official Drum Kit Vol. 2/Rims/Doubles Rim.wav,,,,,,,,,,,,,,,Drum Recollection,Official Drum Kit Vol. 2,Drum Recollection||Official Drum Kit Vol. 2||doubles rim,20260911T104816,percussion_family
47,Rimshot,/Volumes/Jack_Gandy_1TB_SSD/Samples 2021 ->/Sample Packs/Drum Recollection/Essentials Drum Kit Vol. 001/Rim Shots/Very Secret Rimshot.wav,,,,,,,,,,,,,,,Drum Recollection,Essentials Drum Kit Vol. 001,Drum Recollection||Essentials Drum Kit Vol. 001||very secret rimshot,20260911T104816,percussion_family
48,Tom,/Volumes/Jack_Gandy_1TB_SSD/Samples 2021 ->/Sample Packs/Organic Drum Kit/6 Cymbals & Toms/2 Toms/Organic - Tom_B (4).wav,,,,,,,,,,,,,,,Organic Drum Kit,6 Cymbals & Toms,Organic Drum Kit||6 Cymbals & Toms||organic tom b,20260911T104816,percussion_family
49,Percussion Loop,/Volumes/Jack_Gandy_1TB_SSD/Samples 2021 ->/Sample Packs/Organic Electronics 2 J.Views/JVIEWS_desert/JVIEWS_desert_loops/JVIEWS_percussion_tambourine_tops_122.wav,,,,,,,,,,,,,,,Organic Electronics 2 J.Views,JVIEWS_desert,Organic Electronics 2 J.Views||JVIEWS_desert||jviews percussion tambourine tops,20260911T104816,percussion_family
51,Other Percussive Hit,/Volumes/Jack_Gandy_1TB_SSD/Samples 2021 ->/Sample Packs/Senegal Sessions/One_Shots/Drums/Percussion/SS_SS_perc_kongoma_hit_mboro.wav,,,,,,,,,,,,,,,Senegal Sessions,One_Shots,Senegal Sessions||One_Shots||ss ss perc kongoma hit mboro,20260911T104816,percussion_family
52,Other Percussive Hit,/Volumes/Jack_Gandy_1TB_SSD/Samples 2021 ->/Sample Packs/Analog Percussion Vol.3 by Donit/System 1 Percussion - Short 43.wav,,,,,,,,,,,,,,,Analog Percussion Vol.3 by Donit,Analog Percussion Vol.3 by Donit,Analog Percussion Vol.3 by Donit||Analog Percussion Vol.3 by Donit||system 1 percussion short,20260911T104816,percussion_family
53,Shaker/Tambourine,/Volumes/Jack_Gandy_1TB_SSD/Samples 2021 ->/Sample Packs/Production Music Live - Ben Böhmer - Sound Pack/Ableton Templates/PML - Balloon - Melodic Deep Template (Ben Style) Project/Samples/Imported/PML_DPV3_PERC_TAMBOURINE_001.wav,,,,,,,,,,,,,,,Production Music Live - Ben Böhmer - Sound Pack,Ableton Templates,Production Music Live - Ben Böhmer - Sound Pack||Ableton Templates||pml dpv3 perc tambourine,20260911T104816,percussion_family
54,Tom,/Volumes/Jack_Gandy_1TB_SSD/Samples 2021 ->/Sample Packs/Sounds of KSHMR Vol.3/KSHMR_Drums/KSHMR_Acoustic_Drums/KSHMR_Acoustic_Toms/KSHMR_Acoustic_Tom_04_Low_D.wav,,,,,,,,,,,,,,,Sounds of KSHMR Vol.3,KSHMR_Drums,Sounds of KSHMR Vol.3||KSHMR_Drums||kshmr acoustic tom 04 low d,20260911T104816,percussion_family
55,Percussion Loop,/Volumes/Jack_Gandy_1TB_SSD/Samples 2021 ->/Sample Packs/SIIK Sounds - Eclipse (Full Pack)/SIIK Sounds Eclipse (Construction Kits & FLPs)/Kit 03 - F#min (172BPM)/ECLIPSE Kit 03 - F#min 172BPM (FLP)/ECLIPSE Drum Loop 15 172BPM - Percussion 02.wav,,,,,,,,,,,,,,,SIIK Sounds - Eclipse (Full Pack),SIIK Sounds Eclipse (Construction Kits & FLPs),SIIK Sounds - Eclipse (Full Pack)||SIIK Sounds Eclipse (Construction Kits & FLPs)||eclipse drum loop 15 percussion,20260911T104816,percussion_family
57,Other Percussive Hit,/Volumes/Jack_Gandy_1TB_SSD/Samples 2021 ->/Sample Packs/Minimal Audio/ELEMENT/1 - Drums/5 - Perc/Perc - Junk Echo.wav,,,,,,,,,,,,,,,Minimal Audio,ELEMENT,Minimal Audio||ELEMENT||perc junk echo,20260911T104816,percussion_family
58,Shaker/Tambourine,/Volumes/Jack_Gandy_1TB_SSD/Samples 2021 ->/Sample Packs/Production Music Live - Ben Böhmer - Sound Pack/Ableton Templates/PML - Balloon - Melodic Deep Template (Ben Style) Project/Samples/Imported/PML_DPV2_SHAKER_015.wav,,,,,,,,,,,,,,,Production Music Live - Ben Böhmer - Sound Pack,Ableton Templates,Production Music Live - Ben Böhmer - Sound Pack||Ableton Templates||pml dpv2 shaker,20260911T104816,percussion_family
59,Drum Loop,/Volumes/Jack_Gandy_1TB_SSD/Samples 2021 ->/Sample Packs/Sounds of KSHMR Vol.3/KSHMR_Drums_Loops/KSHMR_Drum_Loops_Full/KSHMR_Acoustic_Drum_Loops/KSHMR_Acoustic_Drum_Loop_09_115_Tom.wav,,,,,,,,,,,,,,,Sounds of KSHMR Vol.3,KSHMR_Drums_Loops,Sounds of KSHMR Vol.3||KSHMR_Drums_Loops||kshmr acoustic drum loop 09 115 tom,20260911T104816,percussion_family
0,Drum Loop,/Volumes/Jack_Gandy_1TB_SSD/testing-for-NITE-DSP/sample_pack_testing/Breaks/Dirty Arse Drum Breaks/Dirty Arse Drum Breaks 1/90 BPM/monosole_90bpm_snare 3.wav,,,,,,,,,,,,,,,Breaks,Dirty Arse Drum Breaks,Breaks||Dirty Arse Drum Breaks||monosole snare,20260911T105350,rejection_boundary
1,Drum Loop,/Volumes/Jack_Gandy_1TB_SSD/testing-for-NITE-DSP/sample_pack_testing/Breaks/The Drum Broker - International Breaks & Essential Kicks/The Drum Broker - International Breaks 5/PRIVATE PRESS.wav,,,,,,,,,,,,,,,Breaks,The Drum Broker - International Breaks & Essential Kicks,Breaks||The Drum Broker - International Breaks & Essential Kicks||private press,20260911T105350,rejection_boundary
2,Drum Loop,/Volumes/Jack_Gandy_1TB_SSD/testing-for-NITE-DSP/sample_pack_testing/Breaks/The Drum Broker - International Breaks & Essential Kicks/The Drum Broker - International Breaks 3/RAPTASTIC.wav,,,,,,,,,,,,,,,Breaks,The Drum Broker - International Breaks & Essential Kicks,Breaks||The Drum Broker - International Breaks & Essential Kicks||raptastic,20260911T105350,rejection_boundary
3,Drum Loop,/Volumes/Jack_Gandy_1TB_SSD/testing-for-NITE-DSP/sample_pack_testing/Breaks/The Drum Broker - International Breaks & Essential Kicks/The Drum Broker - International Breaks 4/MAPLE.wav,,,,,,,,,,,,,,,Breaks,The Drum Broker - International Breaks & Essential Kicks,Breaks||The Drum Broker - International Breaks & Essential Kicks||maple,20260911T105350,rejection_boundary
4,Drum Loop,/Volumes/Jack_Gandy_1TB_SSD/testing-for-NITE-DSP/sample_pack_testing/Old Movies 1 - Vintage Collection (Drum Kit)/Foley & Percussion (Old Movies)/HHH_Knocks 1.wav,,,,,,,,,,,,,,,Old Movies 1 - Vintage Collection (Drum Kit),Foley & Percussion (Old Movies),Old Movies 1 - Vintage Collection (Drum Kit)||Foley & Percussion (Old Movies)||hhh knocks,20260911T105350,rejection_boundary
7,Snare,/Volumes/Jack_Gandy_1TB_SSD/testing-for-NITE-DSP/sample_pack_testing/Mike Shinoda Drums/MPC 1000 Backup/WHATYOUHAVE/RECTNGL34.WAV,,,,,,,,,,,,,,,Mike Shinoda Drums,MPC 1000 Backup,Mike Shinoda Drums||MPC 1000 Backup||rectngl34,20260911T105350,rejection_boundary
9,Hi-Hat,/Volumes/Jack_Gandy_1TB_SSD/testing-for-NITE-DSP/sample_pack_testing/Mike Shinoda Drums/MPC 1000 Backup/WHATYOUHAVE/PROCK3.WAV,,,,,,,,,,,,,,,Mike Shinoda Drums,MPC 1000 Backup,Mike Shinoda Drums||MPC 1000 Backup||prock3,20260911T105350,rejection_boundary
10,Drum Loop,/Volumes/Jack_Gandy_1TB_SSD/testing-for-NITE-DSP/sample_pack_testing/Breaks/The Drum Broker - International Breaks & Essential Kicks/The Drum Broker - International Breaks 2/Venice.wav,,,,,,,,,,,,,,,Breaks,The Drum Broker - International Breaks & Essential Kicks,Breaks||The Drum Broker - International Breaks & Essential Kicks||venice,20260911T105350,rejection_boundary
11,Drum Loop,/Volumes/Jack_Gandy_1TB_SSD/testing-for-NITE-DSP/sample_pack_testing/Sounds of KSHMR Vol.3/KSHMR_FX_Elements/KSHMR_Glitches_and_Industrial/KSHMR_Industrial_Grime/KSHMR_Industrial_Grime_12_140_G.wav,,,,,,,,,,,,,,,Sounds of KSHMR Vol.3,KSHMR_FX_Elements,Sounds of KSHMR Vol.3||KSHMR_FX_Elements||kshmr industrial grime 12 140 g,20260911T105350,rejection_boundary
12,Drum Loop,/Volumes/Jack_Gandy_1TB_SSD/testing-for-NITE-DSP/sample_pack_testing/Breaks/The Drum Broker - International Breaks & Essential Kicks/The Drum Broker - International Breaks 1/FOCUS .wav,,,,,,,,,,,,,,,Breaks,The Drum Broker - International Breaks & Essential Kicks,Breaks||The Drum Broker - International Breaks & Essential Kicks||focus,20260911T105350,rejection_boundary
13,Drum Loop,/Volumes/Jack_Gandy_1TB_SSD/testing-for-NITE-DSP/sample_pack_testing/Breaks/The Drum Broker - International Breaks & Essential Kicks/The Drum Broker - International Breaks 3/FRANCAIS.wav,,,,,,,,,,,,,,,Breaks,The Drum Broker - International Breaks & Essential Kicks,Breaks||The Drum Broker - International Breaks & Essential Kicks||francais,20260911T105350,rejection_boundary
14,Snare,/Volumes/Jack_Gandy_1TB_SSD/testing-for-NITE-DSP/sample_pack_testing/Sounds of KSHMR Vol.3/KSHMR_Drums/KSHMR_Drum_Enhancers/KSHMR_Snare_Enhancer_13_Crunch.wav,,,,,,,,,,,,,,,Sounds of KSHMR Vol.3,KSHMR_Drums,Sounds of KSHMR Vol.3||KSHMR_Drums||kshmr snare enhancer 13 crunch,20260911T105350,rejection_boundary
15,Hi-Hat,/Volumes/Jack_Gandy_1TB_SSD/testing-for-NITE-DSP/sample_pack_testing/Mike Shinoda Drums/MS BEATS/Amethyst Samples/OpenHH AR60sLate V88 1.wav,,,,,,,,,,,,,,,Mike Shinoda Drums,MS BEATS,Mike Shinoda Drums||MS BEATS||openhh ar60slate v88,20260911T105350,rejection_boundary
16,Foley,/Volumes/Jack_Gandy_1TB_SSD/testing-for-NITE-DSP/sample_pack_testing/Mike Shinoda Drums/MPC 1000 Backup/WHATYOUHAVE/SQRATCH48.WAV,,,,,,,,,,,,,,,Mike Shinoda Drums,MPC 1000 Backup,Mike Shinoda Drums||MPC 1000 Backup||sqratch48,20260911T105350,rejection_boundary
17,Drum Loop,/Volumes/Jack_Gandy_1TB_SSD/testing-for-NITE-DSP/sample_pack_testing/Breaks/The Drum Broker - International Breaks & Essential Kicks/The Drum Broker - International Breaks 3/BAGUETTE .wav,,,,,,,,,,,,,,,Breaks,The Drum Broker - International Breaks & Essential Kicks,Breaks||The Drum Broker - International Breaks & Essential Kicks||baguette,20260911T105350,rejection_boundary
18,Drum Loop,/Volumes/Jack_Gandy_1TB_SSD/testing-for-NITE-DSP/sample_pack_testing/Breaks/The Drum Broker - International Breaks & Essential Kicks/The Drum Broker - International Breaks 2/frogs_3.wav,,,,,,,,,,,,,,,Breaks,The Drum Broker - International Breaks & Essential Kicks,Breaks||The Drum Broker - International Breaks & Essential Kicks||frogs,20260911T105350,rejection_boundary
19,Percussion,/Volumes/Jack_Gandy_1TB_SSD/testing-for-NITE-DSP/sample_pack_testing/Sounds of KSHMR Vol.3/KSHMR_World_Sounds/KSHMR_Latin_America/KSHMR_Latin_PL_Brazillian_Berimbau_02_D.wav,,,,,,,Hand Drum,,,,,,,,Sounds of KSHMR Vol.3,KSHMR_World_Sounds,Sounds of KSHMR Vol.3||KSHMR_World_Sounds||kshmr latin pl brazillian berimbau 02 d,20260911T105350,rejection_boundary
20,Clap,/Volumes/Jack_Gandy_1TB_SSD/testing-for-NITE-DSP/sample_pack_testing/Mike Shinoda Drums/MS BEATS/Lil Swing Samples/RZ1_SD_Tattoo1_Fat.wav,,,,,,,,,,,,,,,Mike Shinoda Drums,MS BEATS,Mike Shinoda Drums||MS BEATS||rz1 sd tattoo1 fat,20260911T105350,rejection_boundary
21,Kick,/Volumes/Jack_Gandy_1TB_SSD/testing-for-NITE-DSP/sample_pack_testing/MGF Mega Pack/Misc + Found Sound/Casiotone 501/Drums/Casiotone 501 KickHat 1.wav,,,,,,,,,,,,,,,MGF Mega Pack,Misc + Found Sound,MGF Mega Pack||Misc + Found Sound||casiotone 501 kickhat,20260911T105350,rejection_boundary
22,Drum Loop,/Volumes/Jack_Gandy_1TB_SSD/testing-for-NITE-DSP/sample_pack_testing/Breaks/The Drum Broker - International Breaks & Essential Kicks/The Drum Broker - International Breaks 1/AMSTERDAM_2.wav,,,,,,,,,,,,,,,Breaks,The Drum Broker - International Breaks & Essential Kicks,Breaks||The Drum Broker - International Breaks & Essential Kicks||amsterdam,20260911T105350,rejection_boundary
23,Hi-Hat,/Volumes/Jack_Gandy_1TB_SSD/testing-for-NITE-DSP/sample_pack_testing/Organic Drum Kit/5 Percussion/4 Metalic/3 Zill Finger Cymbals/Organic - Zill Finger Cymbal (15).wav,,,,,,,,,,,,,,,Organic Drum Kit,5 Percussion,Organic Drum Kit||5 Percussion||organic zill finger cymbal,20260911T105350,rejection_boundary
26,Drum Loop,/Volumes/Jack_Gandy_1TB_SSD/testing-for-NITE-DSP/sample_pack_testing/Breaks/The Drum Broker - International Breaks & Essential Kicks/The Drum Broker - International Breaks 2/Guarana.wav,,,,,,,,,,,,,,,Breaks,The Drum Broker - International Breaks & Essential Kicks,Breaks||The Drum Broker - International Breaks & Essential Kicks||guarana,20260911T105350,rejection_boundary
27,Drum Loop,/Volumes/Jack_Gandy_1TB_SSD/testing-for-NITE-DSP/sample_pack_testing/Breaks/The Drum Broker - International Breaks & Essential Kicks/The Drum Broker - International Breaks 1/VSAK BREAK.wav,,,,,,,,,,,,,,,Breaks,The Drum Broker - International Breaks & Essential Kicks,Breaks||The Drum Broker - International Breaks & Essential Kicks||vsak break,20260911T105350,rejection_boundary
30,Unknown,/Volumes/Jack_Gandy_1TB_SSD/testing-for-NITE-DSP/sample_pack_testing/Sounds of KSHMR Vol.3/KSHMR_Drums_Loops/KSHMR_Drum_Loops_Solo/KSHMR_Hand_Clap_Loops/KSHMR_Hand_Clap_Loop_08_128.wav,,Percussion Loop,,,,,,,,,,,,,Sounds of KSHMR Vol.3,KSHMR_Drums_Loops,Sounds of KSHMR Vol.3||KSHMR_Drums_Loops||kshmr hand clap loop 08,20260911T105350,rejection_boundary
31,Unknown,/Volumes/Jack_Gandy_1TB_SSD/testing-for-NITE-DSP/sample_pack_testing/Sounds of KSHMR Vol.3/KSHMR_Drums_Loops/KSHMR_Drum_Loops_Solo/KSHMR_Hihat_and_Cymbal_Loops/KSHMR_Trap_Hat_Loops/KSHMR_Trap_Hat_Loop_10_150.wav,,Hi-Hat Loop,,,,,,,,,,,,,Sounds of KSHMR Vol.3,KSHMR_Drums_Loops,Sounds of KSHMR Vol.3||KSHMR_Drums_Loops||kshmr trap hat loop 10,20260911T105350,rejection_boundary
32,Kick,/Volumes/Jack_Gandy_1TB_SSD/testing-for-NITE-DSP/sample_pack_testing/Lex Luger Drumkit/Lex_Luger_Drumkit/LL_one_shots/LL_kick_pink_2.wav,,,,,,,,,,,,,,,Lex Luger Drumkit,Lex_Luger_Drumkit,Lex Luger Drumkit||Lex_Luger_Drumkit||ll kick pink,20260911T105350,rejection_boundary
33,Drum Loop,/Volumes/Jack_Gandy_1TB_SSD/testing-for-NITE-DSP/sample_pack_testing/Breaks/The Drum Broker - International Breaks & Essential Kicks/The Drum Broker - International Breaks 4/HAGGIS.wav,,,,,,,,,,,,,,,Breaks,The Drum Broker - International Breaks & Essential Kicks,Breaks||The Drum Broker - International Breaks & Essential Kicks||haggis,20260911T105350,rejection_boundary
35,Drum Loop,/Volumes/Jack_Gandy_1TB_SSD/testing-for-NITE-DSP/sample_pack_testing/Breaks/The Drum Broker - International Breaks & Essential Kicks/The Drum Broker - International Breaks 5/ROCKPOW.wav,,,,,,,,,,,,,,,Breaks,The Drum Broker - International Breaks & Essential Kicks,Breaks||The Drum Broker - International Breaks & Essential Kicks||rockpow,20260911T105350,rejection_boundary
36,Drum Loop,/Volumes/Jack_Gandy_1TB_SSD/testing-for-NITE-DSP/sample_pack_testing/Breaks/The Drum Broker - International Breaks & Essential Kicks/The Drum Broker - International Breaks 2/RollKtown.wav,,,,,,,,,,,,,,,Breaks,The Drum Broker - International Breaks & Essential Kicks,Breaks||The Drum Broker - International Breaks & Essential Kicks||rollktown,20260911T105350,rejection_boundary
38,Drum Loop,/Volumes/Jack_Gandy_1TB_SSD/testing-for-NITE-DSP/sample_pack_testing/Breaks/The Drum Broker - International Breaks & Essential Kicks/The Drum Broker - International Breaks 3/SAWASDEE_7.wav,,,,,,,,,,,,,,,Breaks,The Drum Broker - International Breaks & Essential Kicks,Breaks||The Drum Broker - International Breaks & Essential Kicks||sawasdee,20260911T105350,rejection_boundary
40,Drum Loop,/Volumes/Jack_Gandy_1TB_SSD/testing-for-NITE-DSP/sample_pack_testing/Breaks/The Drum Broker - International Breaks & Essential Kicks/The Drum Broker - International Breaks 2/DITCJ_2 - 4.wav,,,,,,,,,,,,,,,Breaks,The Drum Broker - International Breaks & Essential Kicks,Breaks||The Drum Broker - International Breaks & Essential Kicks||ditcj 2,20260911T105350,rejection_boundary
41,Drum Loop,/Volumes/Jack_Gandy_1TB_SSD/testing-for-NITE-DSP/sample_pack_testing/Breaks/The Drum Broker - International Breaks & Essential Kicks/The Drum Broker - International Breaks 4/GOLD RUSH_4.wav,,,,,,,,,,,,,,,Breaks,The Drum Broker - International Breaks & Essential Kicks,Breaks||The Drum Broker - International Breaks & Essential Kicks||gold rush,20260911T105350,rejection_boundary
45,Snare,/Volumes/Jack_Gandy_1TB_SSD/testing-for-NITE-DSP/sample_pack_testing/Breaks/The Drum Broker - International Breaks & Essential Kicks/The Drum Broker - International Breaks 3/HAIDEE_5.wav,,,,,,,,,,,,,,,Breaks,The Drum Broker - International Breaks & Essential Kicks,Breaks||The Drum Broker - International Breaks & Essential Kicks||haidee,20260911T105350,rejection_boundary
46,Snare,/Volumes/Jack_Gandy_1TB_SSD/testing-for-NITE-DSP/sample_pack_testing/Mike Shinoda Drums/MS BEATS/Victory March Samples/SD_Slowwww2_H3500Fat.wav,,,,,,,,,,,,,,,Mike Shinoda Drums,MS BEATS,Mike Shinoda Drums||MS BEATS||sd slowwww2 h3500fat,20260911T105350,rejection_boundary
47,Drum Loop,/Volumes/Jack_Gandy_1TB_SSD/testing-for-NITE-DSP/sample_pack_testing/Drum Breaks/James Brown - Soul Pride (part1).wav,,,,,,,,,,,,,,,Drum Breaks,Drum Breaks,Drum Breaks||Drum Breaks||james brown soul pride (part1),20260911T105350,rejection_boundary
48,Drum Loop,/Volumes/Jack_Gandy_1TB_SSD/testing-for-NITE-DSP/sample_pack_testing/Breaks/The Drum Broker - International Breaks & Essential Kicks/The Drum Broker - International Breaks 3/CLOVER 2.wav,,,,,,,,,,,,,,,Breaks,The Drum Broker - International Breaks & Essential Kicks,Breaks||The Drum Broker - International Breaks & Essential Kicks||clover,20260911T105350,rejection_boundary
51,Percussion,/Volumes/Jack_Gandy_1TB_SSD/testing-for-NITE-DSP/sample_pack_testing/Drum Recollection/2023 Drums/(Perc) Three United.wav,,,,,,,Shaker/Tambourine,,,,,,,,Drum Recollection,2023 Drums,Drum Recollection||2023 Drums||(perc) three united,20260911T105350,rejection_boundary
0,Other/none,/Volumes/Jack_Gandy_1TB_SSD/Samples 2021 ->/Sample Packs/Just Jared - OP1 Drums/Hihats/Just Jared - OP1 Drums Hihat 3.wav,,,,,,,,unsupported instrument,,,,,,,Just Jared - OP1 Drums,Hihats,Just Jared - OP1 Drums||Hihats||just jared op1 drums hihat,20260911T104121,top_hihat_loop
1,Hi-Hat,/Volumes/Jack_Gandy_1TB_SSD/Samples 2021 ->/Sample Packs/Drum Recollection/New Wave Drum Kit Vol. 1/New Wave Drum Kit/Hi-Hats/Uzi Hi-Hat .wav,,,,,,,,,,,,,,,Drum Recollection,New Wave Drum Kit Vol. 1,Drum Recollection||New Wave Drum Kit Vol. 1||uzi hi hat,20260911T104121,top_hihat_loop
2,Percussion Loop,/Volumes/Jack_Gandy_1TB_SSD/Samples 2021 ->/Sample Packs/Sounds of KSHMR Vol.3/KSHMR_Drums_Loops/KSHMR_Drum_Loops_Full/KSHMR_Hip_Hop_Drum_Loops/KSHMR_Hip_Hop_Top_Loops/KSHMR_Hip_Hop_Top_Loop_15_128.wav,,,,,,,,,,,,,,,Sounds of KSHMR Vol.3,KSHMR_Drums_Loops,Sounds of KSHMR Vol.3||KSHMR_Drums_Loops||kshmr hip hop top loop 15,20260911T104121,top_hihat_loop
3,Hi-Hat,/Volumes/Jack_Gandy_1TB_SSD/Samples 2021 ->/Sample Packs/Drum Recollection/Essentials Drumkit Vol. 002/Hi-Hats/Smoke OBS Hi-Hat.wav,,,,,,,,,,,,,,,Drum Recollection,Essentials Drumkit Vol. 002,Drum Recollection||Essentials Drumkit Vol. 002||smoke obs hi hat,20260911T104121,top_hihat_loop
4,Hi-Hat Loop,/Volumes/Jack_Gandy_1TB_SSD/Samples 2021 ->/Sample Packs/Sounds of KSHMR Vol.3/KSHMR_Drums_Loops/KSHMR_Drum_Loops_Full/KSHMR_Hip_Hop_Drum_Loops/KSHMR_Hip_Hop_Top_Loops/KSHMR_Hip_Hop_Top_Loop_09_110.wav,,,,,,,,,,,,,,,Sounds of KSHMR Vol.3,KSHMR_Drums_Loops,Sounds of KSHMR Vol.3||KSHMR_Drums_Loops||kshmr hip hop top loop 09,20260911T104121,top_hihat_loop
5,Hi-Hat,/Volumes/Jack_Gandy_1TB_SSD/Samples 2021 ->/Sample Packs/Drum Recollection/Essentials Drum Kit Vol. 001/Open Hats/Slingshot Open Hat.wav,,,,,,,,,,,,,,,Drum Recollection,Essentials Drum Kit Vol. 001,Drum Recollection||Essentials Drum Kit Vol. 001||slingshot open hat,20260911T104121,top_hihat_loop
6,Percussion,/Volumes/Jack_Gandy_1TB_SSD/Samples 2021 ->/Sample Packs/Origin Sound - Adore - RNB Soul (2025)/one_shots/drum_hits/hihats/OS_AD_hihat_woody.wav,,,,,,,Other Percussive Hit,,,,,,,,Origin Sound - Adore - RNB Soul (2025),one_shots,Origin Sound - Adore - RNB Soul (2025)||one_shots||os ad hihat woody,20260911T104121,top_hihat_loop
7,Top Loop,/Volumes/Jack_Gandy_1TB_SSD/Samples 2021 ->/Sample Packs/Sounds of KSHMR Vol.3/KSHMR_Drums_Loops/KSHMR_Drum_Loops_Full/KSHMR_Top_Loops/KSHMR_Top_Loops_120-128/KSHMR_Top_Loop_20_128.wav,,,,,,,,,,,,,,,Sounds of KSHMR Vol.3,KSHMR_Drums_Loops,Sounds of KSHMR Vol.3||KSHMR_Drums_Loops||kshmr top loop 20,20260911T104121,top_hihat_loop
8,Top Loop,/Volumes/Jack_Gandy_1TB_SSD/Samples 2021 ->/Sample Packs/Sounds of KSHMR Vol.3/KSHMR_VIP_Friends_of_KSHMR/SHAUN_FRANK/SHAUN_FRANK_Top_Loop_1_119_.wav,,,,,,,,,,,,,,,Sounds of KSHMR Vol.3,KSHMR_VIP_Friends_of_KSHMR,Sounds of KSHMR Vol.3||KSHMR_VIP_Friends_of_KSHMR||shaun frank top loop 1,20260911T104121,top_hihat_loop
10,Hi-Hat,/Volumes/Jack_Gandy_1TB_SSD/Samples 2021 ->/Sample Packs/Koan Sound/Koan Sound Samples/Raw Drums/Raw/Raw Hat 01.wav,,,,,,,,,,,,,,,Koan Sound,Koan Sound Samples,Koan Sound||Koan Sound Samples||raw hat,20260911T104121,top_hihat_loop
11,Hi-Hat,/Volumes/Jack_Gandy_1TB_SSD/Samples 2021 ->/Sample Packs/Production Music Live - Ben Böhmer - Sound Pack/Sample Pack V1.0/One Shots/Hats/PML_BOEHMER_HAT_013.wav,,,,,,,,,,,,,,,Production Music Live - Ben Böhmer - Sound Pack,Sample Pack V1.0,Production Music Live - Ben Böhmer - Sound Pack||Sample Pack V1.0||pml boehmer hat,20260911T104121,top_hihat_loop
12,Top Loop,/Volumes/Jack_Gandy_1TB_SSD/Samples 2021 ->/Sample Packs/Sounds of KSHMR Vol.3/KSHMR_Drums_Loops/KSHMR_Drum_Loops_Full/KSHMR_Top_Loops/KSHMR_Top_Loops_120-128/KSHMR_Top_Loop_13_128.wav,,,,,,,,,,,,,,,Sounds of KSHMR Vol.3,KSHMR_Drums_Loops,Sounds of KSHMR Vol.3||KSHMR_Drums_Loops||kshmr top loop 13,20260911T104121,top_hihat_loop
13,Hi-Hat,/Volumes/Jack_Gandy_1TB_SSD/Samples 2021 ->/Sample Packs/Organic Drum Kit/Maschine Kits/New Age Kit 2 Samples/Organic - O.HiHat_(10).wav,,,,,,,,,,,,,,,Organic Drum Kit,Maschine Kits,Organic Drum Kit||Maschine Kits||organic o hihat,20260911T104121,top_hihat_loop
14,Hi-Hat,/Volumes/Jack_Gandy_1TB_SSD/Samples 2021 ->/Sample Packs/Drum Recollection/New Wave Drum Kit Vol. 1/New Wave Drum Kit/Hi-Hats/Machine Gun Hi-Hat .wav,,,,,,,,,,,,,,,Drum Recollection,New Wave Drum Kit Vol. 1,Drum Recollection||New Wave Drum Kit Vol. 1||machine gun hi hat,20260911T104121,top_hihat_loop
15,Hi-Hat,/Volumes/Jack_Gandy_1TB_SSD/Samples 2021 ->/Sample Packs/Production Music Live - Ben Böhmer - Sound Pack/Ableton Templates/PML - Blue Circle - Melodic Deep Template (Ben Style) Project/Samples/Imported/DPV1_CHH_DRY_004.wav,,,,,,,,,,,,,,,Production Music Live - Ben Böhmer - Sound Pack,Ableton Templates,Production Music Live - Ben Böhmer - Sound Pack||Ableton Templates||dpv1 chh dry,20260911T104121,top_hihat_loop
16,Unknown,/Volumes/Jack_Gandy_1TB_SSD/Samples 2021 ->/Sample Packs/Koan_Sound_Acoustic_Design/Test Press KOAN Sound Acoustic Design/one-shots/drums/kicks/processed/TSP_KOAN_kick_boom_hat.wav,,Kick,,,,,,,,,,,,,Koan_Sound_Acoustic_Design,Test Press KOAN Sound Acoustic Design,Koan_Sound_Acoustic_Design||Test Press KOAN Sound Acoustic Design||tsp koan kick boom hat,20260911T104121,top_hihat_loop
17,Hi-Hat,/Volumes/Jack_Gandy_1TB_SSD/Samples 2021 ->/Sample Packs/Virtual Riot/Studio Time S2 EP2 - Drums And More Episode Files/Drum One Shots/VR_Operator_Hat_Open7.wav,,,,,,,,,,,,,,,Virtual Riot,Studio Time S2 EP2 - Drums And More Episode Files,Virtual Riot||Studio Time S2 EP2 - Drums And More Episode Files||vr operator hat open7,20260911T104121,top_hihat_loop
18,Hi-Hat,/Volumes/Jack_Gandy_1TB_SSD/Samples 2021 ->/Sample Packs/Drum Recollection/Official Drum Kit Vol. 1/Open Hats/Military Open Hat .wav,,,,,,,,,,,,,,,Drum Recollection,Official Drum Kit Vol. 1,Drum Recollection||Official Drum Kit Vol. 1||military open hat,20260911T104121,top_hihat_loop
19,Hi-Hat,/Volumes/Jack_Gandy_1TB_SSD/Samples 2021 ->/Sample Packs/Drum Recollection/2023 Drums (Demo)/(Open Hat) Seem 2 Be.wav,,,,,,,,,,,,,,,Drum Recollection,2023 Drums (Demo),Drum Recollection||2023 Drums (Demo)||(open hat) seem 2 be,20260911T104121,top_hihat_loop
20,Hi-Hat,/Volumes/Jack_Gandy_1TB_SSD/Samples 2021 ->/Sample Packs/Loaded Samples - Lo-Fi Memphis 2/DRUMS/Hats/LFM2_Layer CHH.wav,,,,,,,,,,,,,,,Loaded Samples - Lo-Fi Memphis 2,DRUMS,Loaded Samples - Lo-Fi Memphis 2||DRUMS||lfm2 layer chh,20260911T104121,top_hihat_loop
21,Hi-Hat,/Volumes/Jack_Gandy_1TB_SSD/Samples 2021 ->/Sample Packs/Old Movies 1 - Vintage Collection (Drum Kit)/Hats/Hat 8.wav,,,,,,,,,,,,,,,Old Movies 1 - Vintage Collection (Drum Kit),Hats,Old Movies 1 - Vintage Collection (Drum Kit)||Hats||hat,20260911T104121,top_hihat_loop
22,Hi-Hat,/Volumes/Jack_Gandy_1TB_SSD/Samples 2021 ->/Sample Packs/Origin Sound - Adore - RNB Soul (2025)/one_shots/drum_hits/hihats/OS_AD_hihat_wavy.wav,,,,,,,,,,,,,,,Origin Sound - Adore - RNB Soul (2025),one_shots,Origin Sound - Adore - RNB Soul (2025)||one_shots||os ad hihat wavy,20260911T104121,top_hihat_loop
23,Hi-Hat,/Volumes/Jack_Gandy_1TB_SSD/Samples 2021 ->/Sample Packs/Minimal Audio/MICROTECH/2 - One Shots/4 - Hi Hat/Hi Hat - Spec Metal 1.wav,,,,,,,,,,,,,,,Minimal Audio,MICROTECH,Minimal Audio||MICROTECH||hi hat spec metal,20260911T104121,top_hihat_loop
24,Hi-Hat,/Volumes/Jack_Gandy_1TB_SSD/Samples 2021 ->/Sample Packs/Sounds of KSHMR Vol.3/KSHMR_Drums/KSHMR_Cymbals/KSHMR_Hi_Hats_Closed/KSHMR_Closed_Hat_13_Dirty.wav,,,,,,,,,,,,,,,Sounds of KSHMR Vol.3,KSHMR_Drums,Sounds of KSHMR Vol.3||KSHMR_Drums||kshmr closed hat 13 dirty,20260911T104121,top_hihat_loop
25,Hi-Hat,/Volumes/Jack_Gandy_1TB_SSD/Samples 2021 ->/Sample Packs/Sounds of KSHMR Vol.3/KSHMR_Drums/KSHMR_Cymbals/KSHMR_Hi_Hats_Closed/KSHMR_Closed_Hat_04_Clean.wav,,,,,,,,,,,,,,,Sounds of KSHMR Vol.3,KSHMR_Drums,Sounds of KSHMR Vol.3||KSHMR_Drums||kshmr closed hat 04 clean,20260911T104121,top_hihat_loop
26,Hi-Hat,/Volumes/Jack_Gandy_1TB_SSD/Samples 2021 ->/Sample Packs/Drum Recollection/New Wave Drum Kit Vol. 1/New Wave Drum Kit/Hi-Hats/Supreme Hi-Hat .wav,,,,,,,,,,,,,,,Drum Recollection,New Wave Drum Kit Vol. 1,Drum Recollection||New Wave Drum Kit Vol. 1||supreme hi hat,20260911T104121,top_hihat_loop
27,Hi-Hat,/Volumes/Jack_Gandy_1TB_SSD/Samples 2021 ->/Sample Packs/Minimal Audio/MICROTECH/2 - One Shots/4 - Hi Hat/Hi Hat - Click Support.wav,,,,,,,,,,,,,,,Minimal Audio,MICROTECH,Minimal Audio||MICROTECH||hi hat click support,20260911T104121,top_hihat_loop
28,Hi-Hat,/Volumes/Jack_Gandy_1TB_SSD/Samples 2021 ->/Sample Packs/Organic Drum Kit/Maschine Kits/Motivation Kit Samples/Organic - O.HiHat_H (1).wav,,,,,,,,,,,,,,,Organic Drum Kit,Maschine Kits,Organic Drum Kit||Maschine Kits||organic o hihat h,20260911T104121,top_hihat_loop
29,Hi-Hat,/Volumes/Jack_Gandy_1TB_SSD/Samples 2021 ->/Sample Packs/Organic Drum Kit/4 Hi-Hats/1 Closed Hats/Organic - HiHat (12).wav,,,,,,,,,,,,,,,Organic Drum Kit,4 Hi-Hats,Organic Drum Kit||4 Hi-Hats||organic hihat,20260911T104121,top_hihat_loop
30,Unknown,/Volumes/Jack_Gandy_1TB_SSD/Samples 2021 ->/Sample Packs/Sounds of KSHMR Vol.3/KSHMR_Drums/KSHMR_Kicks/KSHMR_Top_Kicks/KSHMR_Top_Kick_14.wav,,Kick,,,,,,,,,,,,,Sounds of KSHMR Vol.3,KSHMR_Drums,Sounds of KSHMR Vol.3||KSHMR_Drums||kshmr top kick,20260911T104121,top_hihat_loop
31,Hi-Hat Loop,/Volumes/Jack_Gandy_1TB_SSD/Samples 2021 ->/Sample Packs/Koan_Sound_Acoustic_Design/Test Press KOAN Sound Acoustic Design/loops/drums/top_loops/dnb/TSP_KOAN_172_top_hats_restrained.wav,,,,,,,,,,,,,,,Koan_Sound_Acoustic_Design,Test Press KOAN Sound Acoustic Design,Koan_Sound_Acoustic_Design||Test Press KOAN Sound Acoustic Design||tsp koan 172 top hats restrained,20260911T104121,top_hihat_loop
32,Hi-Hat,/Volumes/Jack_Gandy_1TB_SSD/Samples 2021 ->/Sample Packs/Drum Recollection/Official Drum Kit Vol. 2/Hi-Hats/Alienz Hi-Hat.wav,,,,,,,,,,,,,,,Drum Recollection,Official Drum Kit Vol. 2,Drum Recollection||Official Drum Kit Vol. 2||alienz hi hat,20260911T104121,top_hihat_loop
33,Hi-Hat,/Volumes/Jack_Gandy_1TB_SSD/Samples 2021 ->/Sample Packs/Old Movies 1 - Vintage Collection (Drum Kit)/Hats/Hat 18.wav,,,,,,,,,,,,,,,Old Movies 1 - Vintage Collection (Drum Kit),Hats,Old Movies 1 - Vintage Collection (Drum Kit)||Hats||hat,20260911T104121,top_hihat_loop
34,Hi-Hat,/Volumes/Jack_Gandy_1TB_SSD/Samples 2021 ->/Sample Packs/Origin Sound - Adore - RNB Soul (2025)/one_shots/drum_hits/hihats/OS_AD_hihat_slack.wav,,,,,,,,,,,,,,,Origin Sound - Adore - RNB Soul (2025),one_shots,Origin Sound - Adore - RNB Soul (2025)||one_shots||os ad hihat slack,20260911T104121,top_hihat_loop
35,Hi-Hat,/Volumes/Jack_Gandy_1TB_SSD/Samples 2021 ->/Sample Packs/Drum Recollection/Official Drum Kit Vol. 1/Hi Hats/Sounds Weird Hi Hat .wav,,,,,,,,,,,,,,,Drum Recollection,Official Drum Kit Vol. 1,Drum Recollection||Official Drum Kit Vol. 1||sounds weird hi hat,20260911T104121,top_hihat_loop
36,Hi-Hat,/Volumes/Jack_Gandy_1TB_SSD/Samples 2021 ->/Sample Packs/Drum Recollection/Essentials Drum Kit Vol. 001/Open Hats/Dissed Open Hat.wav,,,,,,,,,,,,,,,Drum Recollection,Essentials Drum Kit Vol. 001,Drum Recollection||Essentials Drum Kit Vol. 001||dissed open hat,20260911T104121,top_hihat_loop
37,Hi-Hat Loop,/Volumes/Jack_Gandy_1TB_SSD/Samples 2021 ->/Sample Packs/Koan_Sound_Acoustic_Design/Test Press KOAN Sound Acoustic Design/loops/drums/top_loops/breaks/TSP_KOAN_140_top_half_hats.wav,,,,,,,,,,,,,,,Koan_Sound_Acoustic_Design,Test Press KOAN Sound Acoustic Design,Koan_Sound_Acoustic_Design||Test Press KOAN Sound Acoustic Design||tsp koan 140 top half hats,20260911T104121,top_hihat_loop
38,Hi-Hat Loop,/Volumes/Jack_Gandy_1TB_SSD/Samples 2021 ->/Sample Packs/Koan_Sound_Acoustic_Design/Test Press KOAN Sound Acoustic Design/loops/drums/top_loops/dnb/TSP_KOAN_172_top_fragmented_hats.wav,,,,,,,,,,,,,,,Koan_Sound_Acoustic_Design,Test Press KOAN Sound Acoustic Design,Koan_Sound_Acoustic_Design||Test Press KOAN Sound Acoustic Design||tsp koan 172 top fragmented hats,20260911T104121,top_hihat_loop
39,Drum Loop,/Volumes/Jack_Gandy_1TB_SSD/Samples 2021 ->/Sample Packs/Breaks/The Drum Broker - International Breaks & Essential Kicks/The Drum Broker - International Breaks 1/CHOPS/WHITE HAT & KICK 2.wav,,,,,,,,,,,,,,,Breaks,The Drum Broker - International Breaks & Essential Kicks,Breaks||The Drum Broker - International Breaks & Essential Kicks||white hat & kick,20260911T104121,top_hihat_loop
40,Hi-Hat,/Volumes/Jack_Gandy_1TB_SSD/Samples 2021 ->/Sample Packs/Old Movies 1 - Vintage Collection (Drum Kit)/Hats/Hat 21.wav,,,,,,,,,,,,,,,Old Movies 1 - Vintage Collection (Drum Kit),Hats,Old Movies 1 - Vintage Collection (Drum Kit)||Hats||hat,20260911T104121,top_hihat_loop
41,Hi-Hat,/Volumes/Jack_Gandy_1TB_SSD/Samples 2021 ->/Sample Packs/Drum Recollection/Official Drum Kit Vol. 2/Open Hats/Speed Dial Open Hat.wav,,,,,,,,,,,,,,,Drum Recollection,Official Drum Kit Vol. 2,Drum Recollection||Official Drum Kit Vol. 2||speed dial open hat,20260911T104121,top_hihat_loop
42,Hi-Hat,/Volumes/Jack_Gandy_1TB_SSD/Samples 2021 ->/Sample Packs/Organic Drum Kit/4 Hi-Hats/2 Open Hats/Organic - O.HiHat_(10).wav,,,,,,,,,,,,,,,Organic Drum Kit,4 Hi-Hats,Organic Drum Kit||4 Hi-Hats||organic o hihat,20260911T104121,top_hihat_loop
43,Hi-Hat,/Volumes/Jack_Gandy_1TB_SSD/Samples 2021 ->/Sample Packs/Sounds of KSHMR Vol.3/KSHMR_Drums/KSHMR_Acoustic_Drums/KSHMR_Acoustic_Hats/KSHMR_Acoustic_Hats_Closed/KSHMR_Acoustic_Closed_Hat_12_Hard.wav,,,,,,,,,,,,,,,Sounds of KSHMR Vol.3,KSHMR_Drums,Sounds of KSHMR Vol.3||KSHMR_Drums||kshmr acoustic closed hat 12 hard,20260911T104121,top_hihat_loop
44,Top Loop,/Volumes/Jack_Gandy_1TB_SSD/Samples 2021 ->/Sample Packs/Koan_Sound_Acoustic_Design/Test Press KOAN Sound Acoustic Design/loops/drums/top_loops/garage/TSP_KOAN_126_top_shuffle_hits.wav,,,,,,,,,,,,,,,Koan_Sound_Acoustic_Design,Test Press KOAN Sound Acoustic Design,Koan_Sound_Acoustic_Design||Test Press KOAN Sound Acoustic Design||tsp koan 126 top shuffle hits,20260911T104121,top_hihat_loop
45,Hi-Hat,/Volumes/Jack_Gandy_1TB_SSD/Samples 2021 ->/Sample Packs/Mike Shinoda Drums/MS BEATS/808er Samples/HH_808booty_02.wav,,,,,,,,,,,,,,,Mike Shinoda Drums,MS BEATS,Mike Shinoda Drums||MS BEATS||hh 808booty,20260911T104121,top_hihat_loop
46,Top Loop,/Volumes/Jack_Gandy_1TB_SSD/Samples 2021 ->/Sample Packs/Koan_Sound_Acoustic_Design/Test Press KOAN Sound Acoustic Design/loops/drums/top_loops/dnb/TSP_KOAN_172_top_shuffle_zest.wav,,,,,,,,,,,,,,,Koan_Sound_Acoustic_Design,Test Press KOAN Sound Acoustic Design,Koan_Sound_Acoustic_Design||Test Press KOAN Sound Acoustic Design||tsp koan 172 top shuffle zest,20260911T104121,top_hihat_loop
47,Hi-Hat,/Volumes/Jack_Gandy_1TB_SSD/Samples 2021 ->/Sample Packs/Organic Drum Kit/Maschine Kits/Imagination Kit Samples/Organic - HiHat_M (2).wav,,,,,,,,,,,,,,,Organic Drum Kit,Maschine Kits,Organic Drum Kit||Maschine Kits||organic hihat m,20260911T104121,top_hihat_loop
48,Hi-Hat Loop,/Volumes/Jack_Gandy_1TB_SSD/Samples 2021 ->/Sample Packs/Old Movies 1 - Vintage Collection (Drum Kit)/Hats/Hat Roll 5.wav,,,,,,,,,,,,,,,Old Movies 1 - Vintage Collection (Drum Kit),Hats,Old Movies 1 - Vintage Collection (Drum Kit)||Hats||hat roll,20260911T104121,top_hihat_loop
49,Hi-Hat,/Volumes/Jack_Gandy_1TB_SSD/Samples 2021 ->/Sample Packs/MGF Mega Pack/Misc + Found Sound/Casiotone 501/Drums/Casiotone 501 Hat 2.wav,,,,,,,,,,,,,,,MGF Mega Pack,Misc + Found Sound,MGF Mega Pack||Misc + Found Sound||casiotone 501 hat,20260911T104121,top_hihat_loop
50,Hi-Hat,/Volumes/Jack_Gandy_1TB_SSD/Samples 2021 ->/Sample Packs/Drum Recollection/Official Drum Kit Vol. 1/Open Hats/Anime Open Hat .wav,,,,,,,,,,,,,,,Drum Recollection,Official Drum Kit Vol. 1,Drum Recollection||Official Drum Kit Vol. 1||anime open hat,20260911T104121,top_hihat_loop
51,Hi-Hat,/Volumes/Jack_Gandy_1TB_SSD/Samples 2021 ->/Sample Packs/Just Jared - OP1 Drums/Hihats/Just Jared - OP1 Drums Hihat 9.wav,,,,,,,,,,,,,,,Just Jared - OP1 Drums,Hihats,Just Jared - OP1 Drums||Hihats||just jared op1 drums hihat,20260911T104121,top_hihat_loop
52,Hi-Hat,/Volumes/Jack_Gandy_1TB_SSD/Samples 2021 ->/Sample Packs/Drum Recollection/Essentials Drumkit Vol. 002/Open Hats/Sandman Open Hat.wav,,,,,,,,,,,,,,,Drum Recollection,Essentials Drumkit Vol. 002,Drum Recollection||Essentials Drumkit Vol. 002||sandman open hat,20260911T104121,top_hihat_loop
53,Percussion Loop,/Volumes/Jack_Gandy_1TB_SSD/Samples 2021 ->/Sample Packs/Koan_Sound_Acoustic_Design/Test Press KOAN Sound Acoustic Design/loops/drums/top_loops/garage/TSP_KOAN_126_top_submerged_perc.wav,,,,,,,,,,,,,,,Koan_Sound_Acoustic_Design,Test Press KOAN Sound Acoustic Design,Koan_Sound_Acoustic_Design||Test Press KOAN Sound Acoustic Design||tsp koan 126 top submerged perc,20260911T104121,top_hihat_loop
54,Hi-Hat,/Volumes/Jack_Gandy_1TB_SSD/Samples 2021 ->/Sample Packs/Just Jared - OP1 Drums/Hihats/Just Jared - OP1 Drums Hihat 12.wav,,,,,,,,,,,,,,,Just Jared - OP1 Drums,Hihats,Just Jared - OP1 Drums||Hihats||just jared op1 drums hihat,20260911T104121,top_hihat_loop
55,Hi-Hat,/Volumes/Jack_Gandy_1TB_SSD/Samples 2021 ->/Sample Packs/Koan Sound/Koan Sound Samples/Raw Drums/Processed/Hi Hat V3 Stereo.wav,,,,,,,,,,,,,,,Koan Sound,Koan Sound Samples,Koan Sound||Koan Sound Samples||hi hat v3 stereo,20260911T104121,top_hihat_loop
56,Hi-Hat,/Volumes/Jack_Gandy_1TB_SSD/Samples 2021 ->/Sample Packs/Sounds of KSHMR Vol.3/KSHMR_Drums/KSHMR_Cymbals/KSHMR_Hi_Hats_Closed/KSHMR_Closed_Hat_05_Clean.wav,,,,,,,,,,,,,,,Sounds of KSHMR Vol.3,KSHMR_Drums,Sounds of KSHMR Vol.3||KSHMR_Drums||kshmr closed hat 05 clean,20260911T104121,top_hihat_loop
57,Hi-Hat,/Volumes/Jack_Gandy_1TB_SSD/Samples 2021 ->/Sample Packs/Minimal Audio/ELEMENT/1 - Drums/4 - Hats/Hi-Hat - Brighter Short.wav,,,,,,,,,,,,,,,Minimal Audio,ELEMENT,Minimal Audio||ELEMENT||hi hat brighter short,20260911T104121,top_hihat_loop
58,Hi-Hat,/Volumes/Jack_Gandy_1TB_SSD/Samples 2021 ->/Sample Packs/Organic Drum Kit/4 Hi-Hats/2 Open Hats/Organic - O.HiHat_J (1).wav,,,,,,,,,,,,,,,Organic Drum Kit,4 Hi-Hats,Organic Drum Kit||4 Hi-Hats||organic o hihat j,20260911T104121,top_hihat_loop
59,Hi-Hat,/Volumes/Jack_Gandy_1TB_SSD/Samples 2021 ->/Sample Packs/Minimal Audio/REFLECT/1 - Drums/5 - Hats & Cymbals/Hi Hat - Creek.wav,,,,,,,,,,,,,,,Minimal Audio,REFLECT,Minimal Audio||REFLECT||hi hat creek,20260911T104121,top_hihat_loop
